Playlist Name,Lo-Fi House
Playlist Owner,Tygrave
Exported On,2025-04-30

track_name,album_name,release_date,duration_ms,track_spotify_url,artist_name,genres,popularity,followers,artist_spotify_url
Talk to Me You'll Understand,You'll Understand,2017-02-10,417099,https://open.spotify.com/track/4Z4i631BesV0P6LTvfLAdL,Ross from Friends,lo-fi house,49,187939,https://open.spotify.com/artist/1Ma3pJzPIrAyYPNRkp3SUF
SEX IS GOOD BUT HAVE U EVER,Movement,2022-04-22,146949,https://open.spotify.com/track/2S6g8o3ZGzH6zsrLhN9RSz,Soul Legend,"jazz house, lo-fi house, jazz beats",48,10024,https://open.spotify.com/artist/55KBAeJzZBcJ5AhPW5OOpy
SEX IS GOOD BUT HAVE U EVER,Movement,2022-04-22,146949,https://open.spotify.com/track/2S6g8o3ZGzH6zsrLhN9RSz,Solo Party,,0,1,https://open.spotify.com/artist/1WK1AeZFVEsJJgxMk4EbY4
78 To Stanley Bay,816 To Nunhead,2013-11-04,307082,https://open.spotify.com/track/74LRqSi9vqy4vnxCLInNAw,Chaos In The CBD,"jazz house, lo-fi house",53,117483,https://open.spotify.com/artist/0QOQc6jEsPX5Y45TV0hXQy
78 To Stanley Bay,816 To Nunhead,2013-11-04,307082,https://open.spotify.com/track/74LRqSi9vqy4vnxCLInNAw,Isaac Aesili,"lo-fi house, jazz house",44,1663,https://open.spotify.com/artist/3zEfsUok55Gll9L0YN2YOE
Drive,Le Funk,2023-01-27,239106,https://open.spotify.com/track/61k7UiVsYL4S19A2XgJYhi,Prunk,"lo-fi house, house, tech house",47,16292,https://open.spotify.com/artist/6FJfLfGO9X2AVNz0sFscrG
Drive,Le Funk,2023-01-27,239106,https://open.spotify.com/track/61k7UiVsYL4S19A2XgJYhi,Dennis Quin,"house, rally house",56,10697,https://open.spotify.com/artist/1iaGffGcjxdzSFkwfCN2Ul
By Your Side,By Your Side,2021-02-23,367362,https://open.spotify.com/track/69uPNh3b6VKdMZMbIKYQ1l,Sofia Kourtesis,lo-fi house,48,78804,https://open.spotify.com/artist/7wXTWO45lqpUejDkike0Gf
Szikra,Szikra,2014-04-07,401573,https://open.spotify.com/track/3yKtOUp5t6SyL3SK0fb2yX,Kornél Kovács,"lo-fi house, italo disco",36,45516,https://open.spotify.com/artist/0Ij7th9uWcDVYNAIOn5W22
Ojai,Ojai,2024-11-27,209722,https://open.spotify.com/track/25OzqeRhXTJahO5uiOfYtw,Catching Flies,downtempo,58,112744,https://open.spotify.com/artist/4zAOqBfNLyWFvj1e3yvypJ
Ojai,Ojai,2024-11-27,209722,https://open.spotify.com/track/25OzqeRhXTJahO5uiOfYtw,The West Green Quartet,lo-fi house,42,411,https://open.spotify.com/artist/5ncYX4gn6gNhestFIf9vwI
porco rosso,porco rosso,2022-03-30,219840,https://open.spotify.com/track/5165zeO9t08BHlSJH7h0iN,sunflwr,"lo-fi house, jazz house",49,30713,https://open.spotify.com/artist/1vXY7FiXJPu6j456ZcrtIF
WhereYouGonnaGo?,TJD006,2017-07-07,308874,https://open.spotify.com/track/1ELW3mroLCVV20CIYnuCQn,Jitwam,"jazz house, lo-fi house, indie jazz",58,94809,https://open.spotify.com/artist/3yg8VEfEzpr8T9NkiEsycS
Floating on Silence,Floating on Silence,2022-05-13,381864,https://open.spotify.com/track/0x29CeLQLR31LY4OtWkcPp,Tour-Maubourg,"jazz house, lo-fi house",52,27141,https://open.spotify.com/artist/7sbDfGq4RVRz6cEt5PH4Su
Rare Happiness,Hunch Music,2015-07-06,351207,https://open.spotify.com/track/2bpvml9LqQIWz1wkiYUcv0,Hunee,lo-fi house,29,43918,https://open.spotify.com/artist/6uElH4moADg7AGB3DCGOwy
A Vibe Thing,A Vibe Thing,2023-10-20,344500,https://open.spotify.com/track/0xy6RkQWjB14yMuM99uv19,DJ Merci,lo-fi house,27,852,https://open.spotify.com/artist/0aWG9QV2R47xsBMYaDSaPj
RITUAL (palace),RITUAL (palace),2024-07-09,355488,https://open.spotify.com/track/23glDLdns3JnzpaFdY8eH8,Jon Hopkins,"idm, ambient",59,552736,https://open.spotify.com/artist/7yxi31szvlbwvKq9dYOmFI
RITUAL (palace),RITUAL (palace),2024-07-09,355488,https://open.spotify.com/track/23glDLdns3JnzpaFdY8eH8,Vylana,,37,16695,https://open.spotify.com/artist/6NDHQ6GcwKEA6BKvIIuFpn
Beaches,Beaches,2020-09-11,333772,https://open.spotify.com/track/51chgK66fLkr1TO3zRYt79,Jesper Ryom,lo-fi house,44,51448,https://open.spotify.com/artist/6QAXPFWafsrhltnhogrQ1P
I Needed,Exquisite Style,2025-04-11,397640,https://open.spotify.com/track/0glNDaTHda2WyyL2pR47Hz,Hanna,"jazz house, lo-fi house",30,3991,https://open.spotify.com/artist/0s7581IIWDf3wgPuifQeMB
Alfa,Alfa,2021-01-22,285772,https://open.spotify.com/track/0Z3a7SIDVOUvZFgr73qq0V,Crackazat,"lo-fi house, jazz house, disco house, funky house",44,24936,https://open.spotify.com/artist/2PagBkTVHoKFjuxtCJp3As
Cel mai discret dintre pamanteni,Cel mai discret dintre pamanteni,2023-10-20,523872,https://open.spotify.com/track/3NuLpvv9cga9kWAGTn15ey,Crihan,"lo-fi house, minimal techno",25,978,https://open.spotify.com/artist/1xn7qDCSTB4NNqj4OYAJIf
Cel mai discret dintre pamanteni,Cel mai discret dintre pamanteni,2023-10-20,523872,https://open.spotify.com/track/3NuLpvv9cga9kWAGTn15ey,Discret Popescu,lo-fi house,25,261,https://open.spotify.com/artist/4siElKDGrsy2P7gX5i68uN
Radio Los Santos,Radio Los Santos,2023-08-04,432727,https://open.spotify.com/track/1x40cY4yovEabUMzRWXGjd,Kolter,"house, tech house, lo-fi house",54,59622,https://open.spotify.com/artist/2Invsp3HSrAeJy4u7Retry
Sundial Avenue,Sundial Avenue,2025-02-12,144250,https://open.spotify.com/track/4lyqDPSLYqVuG29Vph3eIa,Catching Flies,downtempo,58,112744,https://open.spotify.com/artist/4zAOqBfNLyWFvj1e3yvypJ
Sundial Avenue,Sundial Avenue,2025-02-12,144250,https://open.spotify.com/track/4lyqDPSLYqVuG29Vph3eIa,The West Green Quartet,lo-fi house,42,411,https://open.spotify.com/artist/5ncYX4gn6gNhestFIf9vwI
it was love,it was love,2020-01-17,142341,https://open.spotify.com/track/5093y2i2JV5h2e78FI7CA2,nrg,"lo-fi beats, lo-fi, lo-fi house",31,809,https://open.spotify.com/artist/6EEFjsH9sgqLhHpDzTsflL
it was love,it was love,2020-01-17,142341,https://open.spotify.com/track/5093y2i2JV5h2e78FI7CA2,Pueblo Vista,"lo-fi, lo-fi beats",45,37543,https://open.spotify.com/artist/1p03eo7FG5sXEMs3lGFEwb
Pigments,Blue Pigments,2020-02-17,130388,https://open.spotify.com/track/627bEjAmoEbLa4hVA04W3R,Norabel,"lo-fi house, lo-fi beats",21,762,https://open.spotify.com/artist/02weRmIvfXFNR4FAIXEQSo
100 reasons,Lo-Fi_house.Zip,2019-12-27,375000,https://open.spotify.com/track/51glOQHf2CWjiT63TMt98H,kemt,lo-fi house,25,2198,https://open.spotify.com/artist/2LCFqtl3a3rO8KEcIPAUrX
King Size,King Size,2020-09-25,297426,https://open.spotify.com/track/4Xr9UKLq3YGnExa50oLfAw,Kruder & Dorfmeister,"trip hop, downtempo, nu jazz, acid jazz",48,245826,https://open.spotify.com/artist/39ywlwtGw8RTGobakgb11L
Super Good Times,Super Good Times,2021-02-22,221217,https://open.spotify.com/track/0evxHcyCVN4f88IDipmvge,Suray Sertin,"lo-fi house, stutter house",29,5227,https://open.spotify.com/artist/4Fne9Gai1GmN22jvAENRtP
Star Flyer,Star Flyer,2020-06-20,125989,https://open.spotify.com/track/7CxXCg6v9ZDNC0osqTFV61,Jules Gaia,"electro swing, swing music",45,36612,https://open.spotify.com/artist/7GXiq6QQjWFEgHjd3TRaCt
Intimate Fantasy,Intimate Fantasy - EP,2022-10-04,493000,https://open.spotify.com/track/6plKjqeFQ30GbfAbvS3srq,Chaos In The CBD,"jazz house, lo-fi house",53,117483,https://open.spotify.com/artist/0QOQc6jEsPX5Y45TV0hXQy
Tokyo Cruise,Tokyo Cruise,2020-08-28,182500,https://open.spotify.com/track/4xDEZDYPERKrpCDOX1CYtw,Saib,"lo-fi, lo-fi beats, jazz house, jazz beats",54,165179,https://open.spotify.com/artist/6N4HlHINMvoTyAL0yhBUCk
I Do,I Do,2025-03-12,130867,https://open.spotify.com/track/15aMiMUQgoy2a43ov9Cqnp,Catching Flies,downtempo,58,112744,https://open.spotify.com/artist/4zAOqBfNLyWFvj1e3yvypJ
I Do,I Do,2025-03-12,130867,https://open.spotify.com/track/15aMiMUQgoy2a43ov9Cqnp,The West Green Quartet,lo-fi house,42,411,https://open.spotify.com/artist/5ncYX4gn6gNhestFIf9vwI
Back to My Place,Back To My Place,2020-06-06,245863,https://open.spotify.com/track/6ktLSB400x4CYHuYZD5Slb,Jitwam,"jazz house, lo-fi house, indie jazz",58,94809,https://open.spotify.com/artist/3yg8VEfEzpr8T9NkiEsycS
elope,elope,2021-01-29,293999,https://open.spotify.com/track/4y6Xmu2yfPC5he71JTJjTH,dj poolboi,lo-fi house,43,52561,https://open.spotify.com/artist/3uL9a8QRwQ6J8Sc7NYK7oJ
Creekside,Creekside,2020-05-13,162857,https://open.spotify.com/track/1wBu1kU1EYl7UP0OVH5K19,Hz.,"lo-fi, lo-fi beats",31,2340,https://open.spotify.com/artist/59HCGLavl7XxBSiAdB2L8j
Creekside,Creekside,2020-05-13,162857,https://open.spotify.com/track/1wBu1kU1EYl7UP0OVH5K19,ultmt.,"lo-fi house, lo-fi, lo-fi beats",23,1254,https://open.spotify.com/artist/1aso54DoYofR39PLCLRAoF
Cool Because You Wear Carhartt,Cool Because You Wear Carhartt,2024-04-11,229368,https://open.spotify.com/track/31mGLcbHzIklk8uTifS7dD,DJ Nervous,"lo-fi house, nu disco, disco house, funky house",16,711,https://open.spotify.com/artist/7AbLDbvm6s6sDM29txw1JO
Mellow Mornings,Mellow Mornings,2020-06-02,154814,https://open.spotify.com/track/4e316PpOtDD3WQE3t6Eqcp,Shopan,"lo-fi beats, jazz beats, lo-fi, lo-fi house",39,5539,https://open.spotify.com/artist/2XHa2Sy9IYid9hnQ2YmtGl
1759 (Outro),Spaven x Sandunes,2020-09-11,290431,https://open.spotify.com/track/1kGVpWlJn77314BjntTLNI,Richard Spaven,"nu jazz, lo-fi house, indie jazz",42,29596,https://open.spotify.com/artist/1vPmwfwytzhoK1cXXWzQWI
1759 (Outro),Spaven x Sandunes,2020-09-11,290431,https://open.spotify.com/track/1kGVpWlJn77314BjntTLNI,Sandunes,"lo-fi house, indian indie",27,29670,https://open.spotify.com/artist/4exRwr38tW2DlCNGl2gIqn
Diving into Minds,Asakusa Light,2022-01-07,271349,https://open.spotify.com/track/0JmuFZNZNs7hJIWflYE3CA,Soichi Terada,"j-dance, breakcore, jungle, lo-fi house",41,47512,https://open.spotify.com/artist/7nBJ5F2V7hDZE1hhKgqXM9
Undergrowth,Undergrowth,2020-04-10,173000,https://open.spotify.com/track/6FNAdNwaknBVkg4u7CSMTp,Kappa Mountain,"lo-fi house, lo-fi beats",22,1424,https://open.spotify.com/artist/3dExis8rqyN3OsHSKuHU53
Undergrowth,Undergrowth,2020-04-10,173000,https://open.spotify.com/track/6FNAdNwaknBVkg4u7CSMTp,Audio Dope,lo-fi house,32,15086,https://open.spotify.com/artist/7vByi0TCh4wNTdqNK7dNqe
Undergrowth,Undergrowth,2020-04-10,173000,https://open.spotify.com/track/6FNAdNwaknBVkg4u7CSMTp,Matthias Gusset,lo-fi house,28,915,https://open.spotify.com/artist/28zL2v3cJ1dM0CW8XSF1dg
Voyagers,Voyagers,2021-08-04,172000,https://open.spotify.com/track/31wIzUj1Uw1olBO9Vlh0Tz,C Y G N,"lo-fi beats, jazz beats, lo-fi",38,18272,https://open.spotify.com/artist/6OgHTWl7y9oeccoxeXXDPn
Pastis,Pastis,2015-05-12,244363,https://open.spotify.com/track/3NUoRDwnAGhKzGswaJsWSO,Bluestaeb,"jazz rap, jazz house, nu jazz",49,41552,https://open.spotify.com/artist/67pW04a6jpdQR2yWqjcfxs
suddenly,breath tapes,2022-07-29,215222,https://open.spotify.com/track/7yywVfBt9S6RQhDIXf1nTH,sunflwr,"lo-fi house, jazz house",49,30713,https://open.spotify.com/artist/1vXY7FiXJPu6j456ZcrtIF
highway,highway,2025-04-04,269473,https://open.spotify.com/track/3zJww8yH1LdbR74yHO0qAN,limedisx.,"witch house, electroclash",37,800,https://open.spotify.com/artist/5NGCRjAltWbKLm8yD4RNRO
highway,highway,2025-04-04,269473,https://open.spotify.com/track/3zJww8yH1LdbR74yHO0qAN,BASEMENT WAVE,"drift phonk, phonk",33,1325,https://open.spotify.com/artist/5oZXZRYvIV1uAaC4rueG5I
Pup Slushy,Pup Slushy,2021-04-29,329462,https://open.spotify.com/track/1DPZj1aBYDjY3245z0Ri8K,Loverground,"lo-fi house, jazz house",46,12590,https://open.spotify.com/artist/3SvoerawAn5RAZ2N9osc3z
Longing For U,Longing For U,2022-04-15,349857,https://open.spotify.com/track/2L0GFhQC5KSzBeOxL5901i,Tour-Maubourg,"jazz house, lo-fi house",52,27141,https://open.spotify.com/artist/7sbDfGq4RVRz6cEt5PH4Su
Call,Call,2024-09-03,78222,https://open.spotify.com/track/5mm3h0pkFAVSfSg3z7QCZ9,Bhxa,"lo-fi, lo-fi beats",44,2459,https://open.spotify.com/artist/0FayAsrcVWzpOFe9FCn4t4
Alone Girl,Alone Girl,2022-08-05,188852,https://open.spotify.com/track/2j2clSPCLFbBqNVS6MPR8q,Grey Killer,lo-fi house,35,11219,https://open.spotify.com/artist/7D8eeQLyAJQnmyoQ74MJnb
Vibrant Air,Sessions 2,2022-07-15,251000,https://open.spotify.com/track/6GbiQmd9EAWP53EJ2Acbec,Klaus Layer,"lo-fi house, boom bap",32,14188,https://open.spotify.com/artist/0qU9C0toB3cUdPP8NMZl9x
Vibrant Air,Sessions 2,2022-07-15,251000,https://open.spotify.com/track/6GbiQmd9EAWP53EJ2Acbec,Rick Flair,lo-fi house,28,3307,https://open.spotify.com/artist/1SubFDEqffDefZVmpeiV8m
Closer To The Essence,Closer To The Essence,2021-10-08,161152,https://open.spotify.com/track/4s71CG9oYCvn9BUDL92X5J,Sweatson Klank,"lo-fi beats, lo-fi house, jazz beats",38,11446,https://open.spotify.com/artist/6rvxjnXZ3KPlIPZ8IP7wIT
The Break Up - Emma-Jean Thackray Remix - Edit,The Break Up (Emma-Jean Thackray Remix - Edit),2022-05-13,287767,https://open.spotify.com/track/1n1786JvfDmDCQYF47PZS0,Dam Swindle,"deep house, disco house, lo-fi house, funky house, jazz house, house, chicago house",47,77835,https://open.spotify.com/artist/6hJtgCB3L5cnJSND7sp6GU
The Break Up - Emma-Jean Thackray Remix - Edit,The Break Up (Emma-Jean Thackray Remix - Edit),2022-05-13,287767,https://open.spotify.com/track/1n1786JvfDmDCQYF47PZS0,Emma-Jean Thackray,"nu jazz, acid jazz, indie jazz",41,45495,https://open.spotify.com/artist/3UgcksTtuB1Jnn8BrisEiC
Lies - DJ Ross' Friendly Remix,Lies (DJ Ross' Friendly Remix),2016-10-17,438000,https://open.spotify.com/track/5EH8ZhirwYoNHfDjQNXHC0,Temptress,"lo-fi house, uk garage",21,2037,https://open.spotify.com/artist/5I39KEsxUpLOVrWe1IYToI
Lies - DJ Ross' Friendly Remix,Lies (DJ Ross' Friendly Remix),2016-10-17,438000,https://open.spotify.com/track/5EH8ZhirwYoNHfDjQNXHC0,Ross from Friends,lo-fi house,49,187939,https://open.spotify.com/artist/1Ma3pJzPIrAyYPNRkp3SUF
Citrus,Beats & Pieces,2025-04-11,129102,https://open.spotify.com/track/4g10sqEm8v6qbe3LSb8wtK,Catching Flies,downtempo,58,112744,https://open.spotify.com/artist/4zAOqBfNLyWFvj1e3yvypJ
Citrus,Beats & Pieces,2025-04-11,129102,https://open.spotify.com/track/4g10sqEm8v6qbe3LSb8wtK,The West Green Quartet,lo-fi house,42,411,https://open.spotify.com/artist/5ncYX4gn6gNhestFIf9vwI
Kindness,Ltdblbl008,2020-11-06,396501,https://open.spotify.com/track/0DYlUhlu0vXWpAE13TojzN,Retromigration,"jazz house, lo-fi house, nu jazz",39,6056,https://open.spotify.com/artist/52A6LhXGESSKtx5TIa2Kar
Kindness,Ltdblbl008,2020-11-06,396501,https://open.spotify.com/track/0DYlUhlu0vXWpAE13TojzN,Nephews,"jazz house, lo-fi house",27,860,https://open.spotify.com/artist/34Ky5XufX81eJrO9vYjbXQ
Brasil,Brasil,2020-01-10,169000,https://open.spotify.com/track/5A6P4j1vzChOHQj7rdZndJ,blnkspc_,"lo-fi house, lo-fi beats, lo-fi",38,4899,https://open.spotify.com/artist/3hZaebXqrD5crmyMP2x1qa
The Sayers,The Sayers,2021-09-17,293584,https://open.spotify.com/track/66Z74fi8endVTx4TBsqucZ,Klein Zage,lo-fi house,26,4516,https://open.spotify.com/artist/56UaOgKvX2hUSLz7eugd0T
Random Places,Kindzmarauli,2022-11-11,256695,https://open.spotify.com/track/6c67MF8KIGhNkQGlNw9yuQ,Grey Killer,lo-fi house,35,11219,https://open.spotify.com/artist/7D8eeQLyAJQnmyoQ74MJnb
Back In Time - Original Mix,Back In Time EP,2023-07-14,375483,https://open.spotify.com/track/2iMr4fmel0lQnL28yxOtIT,Ricky Razu,"jazz house, lo-fi house, funky house, disco house",40,11770,https://open.spotify.com/artist/72dCrABG4WTtpewWk7sc8v
Gust of Wind,Gust of Wind,2020-05-19,116756,https://open.spotify.com/track/5A5gvRlD2EDk2zNHvSEXGC,7&Nine,"lo-fi, jazz beats, lo-fi beats",42,3475,https://open.spotify.com/artist/3KrbWefSRojrufNTqBI1wy
Gust of Wind,Gust of Wind,2020-05-19,116756,https://open.spotify.com/track/5A5gvRlD2EDk2zNHvSEXGC,Novvel,"lo-fi, lo-fi beats, jazz beats",38,4205,https://open.spotify.com/artist/52v4QBbB8pFtxZzu6PW22Q
I'm In Love,I'm In Love,2023-01-06,272760,https://open.spotify.com/track/4VoOIOooZPtdn0syJ9fTg1,Social Lovers,lo-fi house,34,8379,https://open.spotify.com/artist/7HE9KVyz6P11Dn791tNXpL
10Min JAM_V2,10Min JAM_V2,2022-10-14,99495,https://open.spotify.com/track/4oiuHfgAUlp6aHkHIsTijj,Berus,"lo-fi house, lo-fi beats",22,1070,https://open.spotify.com/artist/44pdm70YqlobtTZ9HmtBYa
Fall In Love,Fall In Love,2022-08-26,349455,https://open.spotify.com/track/39MX1i8UtVwYa99k1VfZsp,Jennifer Loveless,lo-fi house,23,5382,https://open.spotify.com/artist/2Vsiki0qM11ADccRwwvS1c
Always By Your Side,Always By Your Side,2024-05-10,337975,https://open.spotify.com/track/11jjzsFPIuaVORI0HSdLGt,Saib,"lo-fi, lo-fi beats, jazz house, jazz beats",54,165179,https://open.spotify.com/artist/6N4HlHINMvoTyAL0yhBUCk
In The Mood,The Waves Of Life,2025-01-30,288521,https://open.spotify.com/track/13q5TBS6GCctU1DydnQ6xQ,Lövestad,,21,5817,https://open.spotify.com/artist/14ObPnLzYAKSBPZzQ9Va3e
