Playlist Name,lofi summer haze
Playlist Owner,Tygrave
Exported On,2025-04-30

track_name,album_name,release_date,duration_ms,track_spotify_url,artist_name,genres,popularity,followers,artist_spotify_url
Sea Breeze,Green room,2024-12-20,156528,https://open.spotify.com/track/4eOb99CZyUnwXY4boAG8dY,Shimon Hoshino,"lo-fi beats, lo-fi",42,2869,https://open.spotify.com/artist/0glynIW7kVokBq524NHRQH
Big Fish,Big Fish,2024-09-06,155120,https://open.spotify.com/track/2zoSvGZXm4NSLHd5oBNtUc,Hi Hat Henry,"lo-fi beats, lo-fi",46,769,https://open.spotify.com/artist/7tsp47BEDJSjYQB0YaDV52
empty beach,empty beach,2024-09-27,153624,https://open.spotify.com/track/0Hr5FDoIRS9jLQBSxvLWKB,Nitta' Gritta',"lo-fi beats, lo-fi",43,467,https://open.spotify.com/artist/55psXqpj00WvVubriLCEet
same dream,same dream,2023-09-01,141529,https://open.spotify.com/track/6amvFwenSMBzEliXcGIduy,sozin,"lo-fi beats, lo-fi",32,286,https://open.spotify.com/artist/0XO6mvpyaIdmGMmpsTtyIj
bahia nights,bahia nights,2023-09-08,125000,https://open.spotify.com/track/1xHMZoLph7yjsZRcYRzvqX,moodsinger,lo-fi,28,308,https://open.spotify.com/artist/5Sb19EofLxyxtjsQH7BDjn
Early Birds,Early Birds,2024-06-07,142409,https://open.spotify.com/track/1FnSnpMEQF0USjUgeuOf4y,FloFilz,"jazz rap, jazz beats, lo-fi beats, lo-fi",54,73772,https://open.spotify.com/artist/39ZQx0618UYVBgGTDOJ2ds
Early Birds,Early Birds,2024-06-07,142409,https://open.spotify.com/track/1FnSnpMEQF0USjUgeuOf4y,HNNY,"jazz house, lo-fi house",53,141403,https://open.spotify.com/artist/6Yae9Ia1nq6JLLojBzwN1r
slow down time,slow down time,2024-09-06,144193,https://open.spotify.com/track/5Aq3RQPH6qfrhuoTrRHhHN,yellow sofa,"lo-fi beats, lo-fi",39,194,https://open.spotify.com/artist/00zktRPsRiNCP7GWXXi9Jc
sun silhouette,sun silhouette,2024-09-08,185688,https://open.spotify.com/track/4Bue5JBRadsoBqwOreNclG,lilibu,"lo-fi beats, lo-fi",54,1452,https://open.spotify.com/artist/2GAEdgtVHrKsjcHqwUFjpI
Kalamos,Kalamos,2024-05-01,127894,https://open.spotify.com/track/7uHaPTyjST0BX8ftqLzMqq,Drips Zacheer,"lo-fi beats, jazz beats, lo-fi",41,3352,https://open.spotify.com/artist/6evg3DBRRbN4YNlzbeS6VN
Kalamos,Kalamos,2024-05-01,127894,https://open.spotify.com/track/7uHaPTyjST0BX8ftqLzMqq,Soulvibe Cuts,"lo-fi beats, jazz beats, lo-fi",34,75,https://open.spotify.com/artist/37qQan0WPQj9vb2GQLYG6M
BAGS,BAGS,2024-08-02,141000,https://open.spotify.com/track/41xZsXzZ4koVBLi5OQfAQZ,Seame,lo-fi beats,41,85,https://open.spotify.com/artist/3364KeB9T8SEaOA7PKSVlU
Cruising,Cruising,2023-09-29,129087,https://open.spotify.com/track/6k5ujvu6iu5hdgDZXBtkZG,Lghtr,"lo-fi beats, lo-fi",34,115,https://open.spotify.com/artist/6sL0e0jiMbfjoQk2kraspM
pawsitive,pawsitive,2024-05-31,136744,https://open.spotify.com/track/67yrjUBrvkVHHZL0HgEJLT,misty tapes,"lo-fi beats, lo-fi",41,199,https://open.spotify.com/artist/7I09e7RWQg4vV2aGVH3dqO
Lilly,Lilly,2024-09-13,160000,https://open.spotify.com/track/5LQoNLVbmFst7eyvl3pvEW,Jokujekku,"lo-fi beats, lo-fi, jazz beats",41,2295,https://open.spotify.com/artist/0L1eY5MVRiGxxfMa77yy3n
Lilly,Lilly,2024-09-13,160000,https://open.spotify.com/track/5LQoNLVbmFst7eyvl3pvEW,Gekkoh,"lo-fi, jazz rap",31,214,https://open.spotify.com/artist/2QAYuDHYZnN33UnOB2dwl0
Sparkle,Sparkle,2024-08-26,121690,https://open.spotify.com/track/31YFv9M8Qo7XQExYD3BzpD,Kainbeats,"lo-fi, lo-fi beats",61,18325,https://open.spotify.com/artist/4n9z9czt00gzw36hdoVU3G
Sparkle,Sparkle,2024-08-26,121690,https://open.spotify.com/track/31YFv9M8Qo7XQExYD3BzpD,Casiio,"lo-fi, lo-fi beats",61,17499,https://open.spotify.com/artist/5zUSfxfP1NETZiaWt0Ui0a
On The Surface,On The Surface,2024-09-27,125320,https://open.spotify.com/track/5VT8EXUki1C1aZdKmMbsXI,Shayla Sereno,"lo-fi beats, lo-fi",41,189,https://open.spotify.com/artist/0d2oMUkzD4I5It0MFXNVpb
Hiber Nation,Hiber Nation,2024-02-09,162393,https://open.spotify.com/track/1E8dmRocWJY7TMk908wpH9,Stekt,"lo-fi beats, lo-fi",40,314,https://open.spotify.com/artist/5n6ZPmuIiA4rjI0BI20xBD
slow summer days,slow summer days,2024-07-26,126902,https://open.spotify.com/track/1VjzgLD1ktsGTvSuxbsaFj,mellow fox,lo-fi,51,12509,https://open.spotify.com/artist/2VVDDOoBIhsMVPJMoUXjUE
Midnight Mirage,Midnight Mirage,2024-09-08,137142,https://open.spotify.com/track/6aWTPDfnex83b0LJc5wXid,Izzo Lizz,"lo-fi beats, lo-fi",37,179,https://open.spotify.com/artist/7hTGpaTylPh9fDkmaR44Rr
After Dusk,After Dusk,2024-09-06,147096,https://open.spotify.com/track/5VSFDmHxNhCI3SzFNqa0fe,goosetaf,"lo-fi, lo-fi beats",48,18719,https://open.spotify.com/artist/46NCqFl8vhQZD77y7XkvJs
Salad Days,Salad Days,2024-07-19,140000,https://open.spotify.com/track/56FejYvhWFiYgRoP64ab9W,Name Goes Here,lo-fi,31,203,https://open.spotify.com/artist/2A9l28mcw3mO8SSrusXyLs
not noise,not noise,2024-08-04,148482,https://open.spotify.com/track/1gT5Xf60TPfCwxMhTdqrfe,London Lighthouse,"lo-fi beats, lo-fi",43,426,https://open.spotify.com/artist/7lwpTjhIayZY8VCuUJHZKt
Pheasants,Pheasants,2024-06-12,112861,https://open.spotify.com/track/6eWqiuXsN18FbfiI5yU1MO,Horace Maurice,jazz beats,38,210,https://open.spotify.com/artist/5fCp4yfEkKNN24SUYR7ZnP
Drifting,Drifting,2024-09-13,129156,https://open.spotify.com/track/0CCvZTfKcwHvC1oiNqfxrJ,Skeptika,"lo-fi beats, lo-fi",41,1283,https://open.spotify.com/artist/34yxdeDhSnUVmM0DZcExpT
Drifting,Drifting,2024-09-13,129156,https://open.spotify.com/track/0CCvZTfKcwHvC1oiNqfxrJ,wavvzz,"lo-fi beats, lo-fi",41,282,https://open.spotify.com/artist/33tg0cH66APhaWirPjOXEu
Drifting,Drifting,2024-09-13,129156,https://open.spotify.com/track/0CCvZTfKcwHvC1oiNqfxrJ,Baen Mow,"lo-fi, lo-fi beats",49,1173,https://open.spotify.com/artist/2mt3wR9B4tg9KXvICFYhqM
over the top,over the top,2024-07-09,123243,https://open.spotify.com/track/5X8RnBXb1m5FSVxoL3YjTL,dennisivnvc,"lo-fi, lo-fi beats, jazz beats",45,1207,https://open.spotify.com/artist/03sYI7Ckj5JOq6cYowPUmo
over the top,over the top,2024-07-09,123243,https://open.spotify.com/track/5X8RnBXb1m5FSVxoL3YjTL,Yasumu,"lo-fi, lo-fi beats",53,17159,https://open.spotify.com/artist/53rCVzFVlyntj7jEjnY2oM
What Future Holds,What Future Holds,2024-04-30,115973,https://open.spotify.com/track/6QrEYx4MYDtbp23g283En0,Picture Talk,"lo-fi, lo-fi beats, jazz beats",44,17679,https://open.spotify.com/artist/2ERrGspEfSe1sycxXBU48l
What Future Holds,What Future Holds,2024-04-30,115973,https://open.spotify.com/track/6QrEYx4MYDtbp23g283En0,Lucifurr,lo-fi,31,2962,https://open.spotify.com/artist/1DFuldQROQAcq0eNiilcUm
Maple,Maple,2024-08-25,147400,https://open.spotify.com/track/1Ijp0jqE8IEAo8LdRpGzEA,Mr. Wout,lo-fi beats,30,23,https://open.spotify.com/artist/0DOB2GbxL5ZsObQHoAMes7
Ends,Ends,2024-08-30,142995,https://open.spotify.com/track/3oGDMcrvctnKNhlL2bOi7r,joorla,"lo-fi beats, lo-fi",42,262,https://open.spotify.com/artist/6Dfu0b3T2H62yDNsMwfj2q
nightvision,nightvision,2024-09-08,143360,https://open.spotify.com/track/574p3oZ9clAcRkM74jhj4d,sellar,"lo-fi beats, lo-fi",50,757,https://open.spotify.com/artist/2eE2igevXc1oO8cBldYZDy
Feelin' 2D,Feelin' 2D,2024-06-28,140800,https://open.spotify.com/track/0MPqiieMX7ou7Kk8p2FPpi,MPC Blues,"lo-fi beats, jazz rap, lo-fi",39,782,https://open.spotify.com/artist/6yB7F6p4mdln4jB2PLpOeF
Summer Memories,Summer Memories,2024-09-13,164785,https://open.spotify.com/track/73D94rTYuXrTyJbZkNLDdC,Dryden,"lo-fi beats, lo-fi",39,261,https://open.spotify.com/artist/49THH4OZsjvk5CNT714qwq
Summer Memories,Summer Memories,2024-09-13,164785,https://open.spotify.com/track/73D94rTYuXrTyJbZkNLDdC,Banks,"lo-fi, lo-fi beats",56,3771,https://open.spotify.com/artist/6L9h5cN2DNOoMqFRgIv7uU
Sun-soaked,Sun-soaked,2024-05-14,136395,https://open.spotify.com/track/7lETaihfO0O6UGoRMgxRdw,Brief & Breezy,"lo-fi beats, lo-fi",37,267,https://open.spotify.com/artist/5GHbufBgAO1POi50gQq1B7
Santorini,Santorini,2024-08-30,138666,https://open.spotify.com/track/60bnC7jsOCgrtBUa9cMEYp,Moretti,"lo-fi beats, lo-fi",36,40,https://open.spotify.com/artist/0mjFTaFNZ2G7AxvKZh96WD
no rain today,no rain today,2022-12-27,84000,https://open.spotify.com/track/0EJ4R1FWyczgGsdlIKgjyX,Avenue Arts,lo-fi,33,171,https://open.spotify.com/artist/3JBqMhMwu7mQz9onsWHdsl
barred,barred,2023-09-17,116032,https://open.spotify.com/track/5G8twxy897fzWrjYgrt6Mi,May-Flowa,"lo-fi, lo-fi beats",48,1703,https://open.spotify.com/artist/3nYAsFmuTO2M6A9Gpb8CCr
cocoon,cocoon,2024-08-25,148770,https://open.spotify.com/track/79nz6puC2rx26h5JHH2sju,sellar,"lo-fi beats, lo-fi",50,757,https://open.spotify.com/artist/2eE2igevXc1oO8cBldYZDy
Flow,Flow,2024-08-30,145599,https://open.spotify.com/track/0cBibStw3Zb77l6PYWdC3c,Bobby Dreamz BIG,"lo-fi beats, lo-fi, jazz beats",39,2408,https://open.spotify.com/artist/3WEutW4SLc7V9PiKTDM7bD
Hazy,Hazy,2024-09-03,140571,https://open.spotify.com/track/40frhLpVMThTogyowcdNtb,Sihu,"lo-fi, lo-fi beats",45,937,https://open.spotify.com/artist/0IDfPC86tctwQaHkc9tVfX
snoozed,snoozed,2024-08-25,170376,https://open.spotify.com/track/6HroDUYsLg9I6qtcfwIkmn,lilibu,"lo-fi beats, lo-fi",54,1452,https://open.spotify.com/artist/2GAEdgtVHrKsjcHqwUFjpI
patterns,patterns,2023-12-17,153488,https://open.spotify.com/track/0sqx1hG3HTw8i4iGw1r4WQ,Clocktown Stars,"lo-fi beats, lo-fi",40,308,https://open.spotify.com/artist/41tAquCucBUKN6L1xeMWns
3 pm,3 pm,2024-02-16,117926,https://open.spotify.com/track/0HoWhKBcNCjomwXVCg5Mcz,Trish Lupin,"lo-fi beats, lo-fi",44,262,https://open.spotify.com/artist/2tUWdnMothLxACGOxca5Nz
Swell,Just One More Thing,2023-09-01,108750,https://open.spotify.com/track/2NDAiSSorPzaQ7i5sx4dDI,Palm Beats,"lo-fi beats, lo-fi",28,160,https://open.spotify.com/artist/1c9zS9phaYUjbZnzYfGoFx
Bamboo,Bamboo,2024-05-10,143490,https://open.spotify.com/track/5RXMhwXv1G0PRUVaGcqivt,Lay-z Panda,,18,18,https://open.spotify.com/artist/4RKLi1BBpzJj9pevFW4dj5
Smoothology,Smoothology,2024-01-12,154124,https://open.spotify.com/track/29iPA5TBi6bWTraMDUKkqR,ella diva conflict,"lo-fi beats, lo-fi",36,160,https://open.spotify.com/artist/7zCs5xY96PPTSGNYcghfux
Need 2 - Lo-Fi,Need 2 (Lo-Fi),2024-07-23,152727,https://open.spotify.com/track/0zgKQMP8ryYvYLAiVTuyK4,prizzzm nites,,17,8,https://open.spotify.com/artist/3lHGOdyB76HnANCjXgDyEX
at the blue hour,at the blue hour,2024-09-02,104727,https://open.spotify.com/track/5PXW1rFIHsKhU0LMSkinZn,Lenny Loops,"lo-fi, lo-fi beats",59,4102,https://open.spotify.com/artist/6MvnyPinXRQbUCMsPoymhR
at the blue hour,at the blue hour,2024-09-02,104727,https://open.spotify.com/track/5PXW1rFIHsKhU0LMSkinZn,Nokiaa,"lo-fi beats, lo-fi",52,12630,https://open.spotify.com/artist/0ikgHu560bYMZOOXFQnRLN
Sunrise,Sunrise / Radiance,2024-04-18,118817,https://open.spotify.com/track/4uaP7h80XL1YP2vjpZNETc,Showyou,"lo-fi beats, lo-fi",48,940,https://open.spotify.com/artist/7KbVIv3ToW5rD8qJNnypKO
Sunrise,Sunrise / Radiance,2024-04-18,118817,https://open.spotify.com/track/4uaP7h80XL1YP2vjpZNETc,Noflik,"lo-fi beats, lo-fi, jazz beats",49,4633,https://open.spotify.com/artist/4adNSdgdmFQ1vVIebJxwVt
Solitude,Solitude,2024-08-18,143339,https://open.spotify.com/track/4b9bN05qHHaRpwd60J0sN3,Soibú,lo-fi,26,71,https://open.spotify.com/artist/4HFaAaWRSjxvxyNB6RoUaI
Shimmer,Shimmer,2023-10-22,141260,https://open.spotify.com/track/4fjhWALslN4Q9GZ7VtU99p,Chekkerz,lo-fi,37,238,https://open.spotify.com/artist/4ymqiB3DtTzSICNZMScTKz
Pure Water,Pure Water,2023-10-27,177923,https://open.spotify.com/track/2ZLJrHbLNkj8rrnh9ECyxU,JAKKARTA,"lo-fi beats, lo-fi",45,355,https://open.spotify.com/artist/3eLz5UQ0rdd11nJOXYLQhk
Worcestershire dreaming,Worcestershire dreaming,2024-08-09,126857,https://open.spotify.com/track/7qdmi4ASzlDenOqt5hG587,Low Couture,"lo-fi beats, lo-fi",38,200,https://open.spotify.com/artist/13mNwKx9Xb7I4qurCOJfXq
LEVITATE,LEVITATE,2024-08-23,139591,https://open.spotify.com/track/6Rs5lwpEVM3GN2h6XTItgZ,Mel Atonin,lo-fi,37,190,https://open.spotify.com/artist/5cuSwXym2KzOlDwHui2v5g
Snooze Groove,Snooze Groove,2024-08-18,124324,https://open.spotify.com/track/0Pvu5OJLVcukLnrLFZ8YgH,Dozy Duzzn,lo-fi,52,285,https://open.spotify.com/artist/2CPIZDGSe0zORQADHqFIAY
Ascension,Ascension,2024-09-27,128000,https://open.spotify.com/track/5GYVPAZ4BOSjp6OcST1gAu,Skeptika,"lo-fi beats, lo-fi",41,1283,https://open.spotify.com/artist/34yxdeDhSnUVmM0DZcExpT
Ascension,Ascension,2024-09-27,128000,https://open.spotify.com/track/5GYVPAZ4BOSjp6OcST1gAu,wavvzz,"lo-fi beats, lo-fi",41,282,https://open.spotify.com/artist/33tg0cH66APhaWirPjOXEu
Ascension,Ascension,2024-09-27,128000,https://open.spotify.com/track/5GYVPAZ4BOSjp6OcST1gAu,Baen Mow,"lo-fi, lo-fi beats",49,1173,https://open.spotify.com/artist/2mt3wR9B4tg9KXvICFYhqM
Can't Stop,Can't Stop,2024-08-04,130000,https://open.spotify.com/track/4UWgHP5mf1Bp1oguCvOG7n,Akkoro,"lo-fi beats, lo-fi",44,311,https://open.spotify.com/artist/7oYEzKdDKAF7DjhsS4nEOt
rush hour,rush hour,2024-05-09,104277,https://open.spotify.com/track/5yxuI9obPvjpmvT1mYy078,landq,lo-fi,26,579,https://open.spotify.com/artist/1RbHqyLEOuXC9fy1me1VFJ
Apples & Bananas,Apples & Bananas,2024-01-26,189178,https://open.spotify.com/track/5DCWBwovqvYUQd88QFZrpW,Invisible Beach,"lo-fi beats, lo-fi",39,185,https://open.spotify.com/artist/3xlDAzWOZoDGyuoSEfVFjt
Still Here,Still Here,2023-11-10,145500,https://open.spotify.com/track/6yXp48pov09DBrGIr0AiXu,Miss Misaki,"lo-fi beats, lo-fi",34,280,https://open.spotify.com/artist/72WUl0K33i5N2nHaAeOw0M
until we meet again,until we meet again,2023-12-01,125975,https://open.spotify.com/track/4WwnDyJgETzTG7tjHdlM27,LVTA,"lo-fi beats, lo-fi",44,1208,https://open.spotify.com/artist/3xoLUBE5kWiGDw1Dgp8Fcf
sunny day dreaming,sunny day dreaming,2023-12-31,174621,https://open.spotify.com/track/0rq1ZAwIpU7IahDGxU7QZV,Twiggy Fiz,"lo-fi, lo-fi beats",42,462,https://open.spotify.com/artist/5nSlNHeiPo3oBXSOXJfuh8
Mayfair,Mayfair,2024-07-05,131924,https://open.spotify.com/track/51o9SkcDTXN8OoehRJdckU,hazze haze,,35,219,https://open.spotify.com/artist/66qLqHKDJ4nFiSWNea6NhV
Oxford,Oxford,2023-06-30,192000,https://open.spotify.com/track/3L797I4zwTmQuOZBh9wcuG,Trixpot,lo-fi beats,22,454,https://open.spotify.com/artist/3XPQh0KgwDXTCHDV4LtSeK
Stellar Light,Stellar Light,2024-08-16,157090,https://open.spotify.com/track/3cdUTa5ndfHCZRcIrkEg7n,Space Time,lo-fi,32,135,https://open.spotify.com/artist/357YQNXCYAKT5NLytqNLs0
Aquatic,Aquatic,2024-07-05,120000,https://open.spotify.com/track/7nblWjnAwB8mwEha6mzFBH,Screen Jazzmaster,"lo-fi beats, lo-fi, jazz beats",55,5757,https://open.spotify.com/artist/0ccv58yNhOu5FERx9Kpvgt
edge of distant shore,edge of distant shore,2024-06-23,122083,https://open.spotify.com/track/7eShWtF70R4wkKJa4wFDr4,Harry G's Beats,lo-fi,47,814,https://open.spotify.com/artist/59fTGxMpUBkID2RojOnA8V
Sunbeams,Memories Fade,2024-05-03,114285,https://open.spotify.com/track/2Ocxcmy2bNgQDZGdeXHoWK,Cloudsurfin',"lo-fi beats, lo-fi",42,1038,https://open.spotify.com/artist/5Dsg7x6lNQTgWSgnYlIpif
Sweetheart,Sweetheart,2024-08-20,138795,https://open.spotify.com/track/1AxzleEnvxwjdoja0hACwI,Aisake,"lo-fi, lo-fi beats",49,1557,https://open.spotify.com/artist/6TFQJV5WynYysXq0LJraYe
dusky autumn,dusky autumn,2024-01-21,158041,https://open.spotify.com/track/7Mm6SoiqSQRYIkwvTBiJmq,Bus Topp,"lo-fi beats, lo-fi",40,407,https://open.spotify.com/artist/6iWgfTsyBsH03H2XDrveyR
Wave Rider,Wave Rider,2024-07-12,142500,https://open.spotify.com/track/6m9hDC3uksXTzu8SPHDAnv,le gronk,"lo-fi beats, lo-fi",41,313,https://open.spotify.com/artist/1HHbmSXj8pZ2oTGOXa3I0y
Away from Home,Away from Home,2024-04-30,141375,https://open.spotify.com/track/37bo8gV7ZEXkHonzp0uLxB,flwrz,"jazz beats, lo-fi",34,2397,https://open.spotify.com/artist/1e6Ke7g6UOnYMqXt4Da9kU
Slow Drive,Slow Drive,2024-07-26,128000,https://open.spotify.com/track/0gUiGhcwij43cJ3WMTIKwy,Mondo Loops,"lo-fi, lo-fi beats",61,41286,https://open.spotify.com/artist/1XFN3VcuKr4tsTtQlRiTgK
Mirages,Mirages,2024-01-02,248571,https://open.spotify.com/track/24EO0A4OgkJJMxd3MT5uvj,myndstream,,62,3618,https://open.spotify.com/artist/4XeAwrDuVTNPa9WzLAerm3
half time lemons,half time lemons,2024-07-14,145916,https://open.spotify.com/track/5SljEnU1YkR3GG1ZTp8eqo,Harry G's Beats,lo-fi,47,814,https://open.spotify.com/artist/59fTGxMpUBkID2RojOnA8V
Oysterz,ramen noodles,2023-09-03,141000,https://open.spotify.com/track/2TdkjlncY2p0VM4HxavJY9,Oysterz,lo-fi,36,135,https://open.spotify.com/artist/0VzxjGtQNEMzEZJV0NNpQq
Sundew,Sundew,2024-04-17,226764,https://open.spotify.com/track/6PRi7RcZU3P0atYsV6WVmx,Sátyr,"lo-fi, lo-fi beats, jazz beats",55,5575,https://open.spotify.com/artist/5D6V4Z6oPz4waooiuBaWIf
Sundew,Sundew,2024-04-17,226764,https://open.spotify.com/track/6PRi7RcZU3P0atYsV6WVmx,Otaam,"lo-fi, lo-fi beats",47,2671,https://open.spotify.com/artist/0yABOXFZ5fJ1KyoXXgj5B0
Sundew,Sundew,2024-04-17,226764,https://open.spotify.com/track/6PRi7RcZU3P0atYsV6WVmx,Dubillard,"jazz beats, lo-fi",35,46,https://open.spotify.com/artist/2UNd8V88DmE0Fa2FVIX4h8
Sundew,Sundew,2024-04-17,226764,https://open.spotify.com/track/6PRi7RcZU3P0atYsV6WVmx,Enluv,"lo-fi, lo-fi beats",49,6462,https://open.spotify.com/artist/5g8EUiiIZDqp2xd9eUUHin
Cut Smoke,Cut Smoke,2024-06-07,143455,https://open.spotify.com/track/1m2Lzo9QpgUtSYvgK10Hc1,HawaiiHockey,,36,329,https://open.spotify.com/artist/5zFj3SRX2H5iLzWzqJvGVe
Waymea Bay,Waymea Bay,2024-05-17,111428,https://open.spotify.com/track/0ouGLenI5NVlJ88uI0CeoP,Mono Moon,"lo-fi beats, lo-fi",37,146,https://open.spotify.com/artist/0hC0VJ71EAmYIHNjADmBvN
Cloudy Haze,Cloudy Haze,2023-12-08,136000,https://open.spotify.com/track/6tcHiMVFJ2mSL8S0xFZafh,Rein Dayz,,24,133,https://open.spotify.com/artist/7wiw28FhChBCUr3VYQ68HI
graining,graining,2024-01-26,132500,https://open.spotify.com/track/4AkNFW2EVDK3k4nmr7kdhA,Maggotts&Becketts,"lo-fi beats, lo-fi",38,172,https://open.spotify.com/artist/5KcHdaJD7z9518eYGaAh07
graining,graining,2024-01-26,132500,https://open.spotify.com/track/4AkNFW2EVDK3k4nmr7kdhA,chill.farm,"lo-fi beats, lo-fi",49,700,https://open.spotify.com/artist/4tPOKN9ZM2sn8f6F0cRVmF
lullabi,lullabi / midnight,2024-07-10,174545,https://open.spotify.com/track/3o4CP6tTnBcQMIEsCS9rME,dozeoff,,29,141,https://open.spotify.com/artist/1DDkZGlHuj5FFsrieyvsHW
Chewy,Chewy,2024-07-19,149823,https://open.spotify.com/track/6wv26tqIej3IqFHt3IfrBu,sloh rou,"lo-fi beats, lo-fi",48,1483,https://open.spotify.com/artist/0D4FGltctqk7z1BdC1088j
Chewy,Chewy,2024-07-19,149823,https://open.spotify.com/track/6wv26tqIej3IqFHt3IfrBu,ron quixote,"lo-fi beats, lo-fi",50,2060,https://open.spotify.com/artist/7IsLRXgrGBhZPleg96NhwA
morning vibes,morning vibes,2023-07-02,123520,https://open.spotify.com/track/5n1DPnDhK6yWe8BjNIt9p8,flotate,"lo-fi beats, lo-fi",25,199,https://open.spotify.com/artist/1WCXAKhgy8iunT7CJfHXZS
Must've Been the Wind,Must've Been the Wind,2024-01-19,137142,https://open.spotify.com/track/6dJ9y9bauSaavJbkPcEjkk,Luna Rossa,lo-fi,25,187,https://open.spotify.com/artist/5KM0Pgy2NxMnZrxtOhM9nW
jardín de naranjas,jardín de naranjas,2024-01-26,134307,https://open.spotify.com/track/2yp0Mes8VxNAdSW50ZLNAG,Cherrygroove,"lo-fi beats, lo-fi",34,590,https://open.spotify.com/artist/4pJaZjlxYyUVQLeVg0aP40
Night Time Juice,Night Time Juice,2024-06-28,133770,https://open.spotify.com/track/3kTIsPv3KyXkVaRNEOwbfU,Breakfast For Brunch,"lo-fi beats, lo-fi",45,1358,https://open.spotify.com/artist/4qLyv8RotSOSjWze2rJD7O
Sunchilling,Sunchilling,2023-06-02,136968,https://open.spotify.com/track/1XLuUPIEJys3L1HTKdgnM4,Rooftop Shenanigans,"lo-fi, lo-fi beats",35,595,https://open.spotify.com/artist/6vbJBmz0ItqFtpo6OhNIl8
Meditation,Meditation,2024-09-26,169411,https://open.spotify.com/track/5rOfiupihqwPKK0Abikxqi,Dosi,"lo-fi, lo-fi beats",55,4618,https://open.spotify.com/artist/5p2HHGakKOJCICf9fnfnQ9
Meditation,Meditation,2024-09-26,169411,https://open.spotify.com/track/5rOfiupihqwPKK0Abikxqi,Bastien Brison,"jazz beats, lo-fi beats, lo-fi",45,760,https://open.spotify.com/artist/7iuqKzG95voUC4pEkNSSLa
Moonlight,Moonlight,2024-07-26,134271,https://open.spotify.com/track/5NdhJ6vW2AUhMWkG5RMbSG,Beatriction,lo-fi,31,140,https://open.spotify.com/artist/4SSr3iApVhqgPLhIKOjrRs
winter balloon,winter balloon,2023-03-24,131750,https://open.spotify.com/track/6qKhsRKyfUbeqeIEArP2d8,Ponzi Skeemz,"lo-fi, lo-fi beats",37,557,https://open.spotify.com/artist/217VkbBQjlErrkiDqNPDPM
Without You,Without You,2024-08-28,120000,https://open.spotify.com/track/5HGJq4nwo0kdAWrHMIkVww,Tah.,"lo-fi, lo-fi beats",46,1519,https://open.spotify.com/artist/5tbllvHfDoHsDZuTnrs9Pb
Without You,Without You,2024-08-28,120000,https://open.spotify.com/track/5HGJq4nwo0kdAWrHMIkVww,Oso-sa,lo-fi,30,23,https://open.spotify.com/artist/1SDLFni51QTye6GsxOv3hC
caipirinha,caipirinha,2024-09-01,127676,https://open.spotify.com/track/6fToXhmvySs7v9pjKkOyZm,lilibu,"lo-fi beats, lo-fi",54,1452,https://open.spotify.com/artist/2GAEdgtVHrKsjcHqwUFjpI
mighty fine,mighty fine,2024-06-23,114000,https://open.spotify.com/track/6mRQfIW4Z9Kgiz469aaMbk,caesar torro,"lo-fi beats, lo-fi",40,533,https://open.spotify.com/artist/4HWcje0QZ9jSo1wnFcOjW9
Dad's Typewriter Feels,Once Again,2024-07-09,168000,https://open.spotify.com/track/5HnINSPgOBtvkLvCdywObE,Looper Boy,,32,87,https://open.spotify.com/artist/1Bs8y3WbVckMAcIBwN1FXV
Lemon Market,Lemon Market,2023-03-31,162290,https://open.spotify.com/track/2CFwwaPy6N1VHxEY48ADfc,Dee Dee Kidd,"lo-fi beats, lo-fi",30,171,https://open.spotify.com/artist/0FiYOjX2fWu29n1P8sud2s
Vietnamese Coffee,Vietnamese Coffee,2023-09-17,146181,https://open.spotify.com/track/4l5u4V4zMqJD18qO4CLnkR,HLY WUD,lo-fi,33,161,https://open.spotify.com/artist/51htK4Ln3sMNbTBcs7Ft8S
Vivid Minds,Vivid Minds,2023-05-26,132705,https://open.spotify.com/track/1v2Z2gV11iP0RPyZ9GewYO,justregular,lo-fi,30,105,https://open.spotify.com/artist/5Zx4suKma9aE2dRBP36bhZ
breathtaking,breathtaking,2024-02-09,130324,https://open.spotify.com/track/6NqnGKb8x3PMCWqn2oJizA,mello joints,"lo-fi beats, lo-fi",34,60,https://open.spotify.com/artist/3SvvTbg5Gj3UDGNxtqTsfd
Tropic of Capri-Sun & Sodas,Tropic of Capri-Sun & Sodas,2023-04-14,179230,https://open.spotify.com/track/0xXik8DSYI7Y8SzcpaEIWP,Vanilla Beach,lo-fi,37,824,https://open.spotify.com/artist/4gJj9oQfNWsfgwKYeUdlCe
Hokkaido Halfpipe,Hokkaido Halfpipe,2023-03-10,137624,https://open.spotify.com/track/1UfFyFxHB2amavwX4LTFLc,d.w.h,"lo-fi beats, lo-fi",42,530,https://open.spotify.com/artist/2Mv14rolxu9z56WEkPIhZd
after dark,after dark,2023-10-27,141886,https://open.spotify.com/track/0YmkDHPWe86vQDCtbubz14,takemefaraway,lo-fi,33,414,https://open.spotify.com/artist/500UKPrqhWmoLq70q6GleM
after dark,after dark,2023-10-27,141886,https://open.spotify.com/track/0YmkDHPWe86vQDCtbubz14,Nick's chill factory,"lo-fi beats, lo-fi",49,867,https://open.spotify.com/artist/3QJraihPHVrl3gSNaXLEr9
Altitude,Altitude,2023-12-15,131069,https://open.spotify.com/track/5yiI18IfeUy42vBMTft4ub,Tales of Urbania,lo-fi,38,330,https://open.spotify.com/artist/1G6JXwDlPBndTmT5DI2sHX
New Growth,New Growth,2024-08-30,129229,https://open.spotify.com/track/0HNIbDQ9xTPJwXZMe8DToK,Bcalm,"lo-fi, lo-fi beats",59,10488,https://open.spotify.com/artist/7M4y7qvcYja7RcXNCGrjeP
New Growth,New Growth,2024-08-30,129229,https://open.spotify.com/track/0HNIbDQ9xTPJwXZMe8DToK,Lonely Llama,lo-fi,38,172,https://open.spotify.com/artist/7qyiD7cCyow6BICznBnKfk
restful,restful,2024-06-27,126338,https://open.spotify.com/track/1drYD8ukm3NeTW45JkCVP4,Gaccio,lo-fi,33,119,https://open.spotify.com/artist/5VFn6uezSGCIslQWRV5vhy
True Sound,True Sound,2024-01-24,106712,https://open.spotify.com/track/3lgPNSkfX3Ri0nfNlkpGEX,Dewas,"lo-fi beats, lo-fi",31,178,https://open.spotify.com/artist/5vOoLaBLQ3YjZrbbrintS1
Purple Lagoon,Purple Lagoon,2024-05-17,130875,https://open.spotify.com/track/2RbAJrTIEKLvnoMSUHPW4Z,HawkOne,"lo-fi beats, lo-fi, jazz beats",26,2464,https://open.spotify.com/artist/7Dlqz8agsXxLV5fwDPT65Y
rising eyes,fallen planets & rising eyes,2022-03-01,170000,https://open.spotify.com/track/4sOOBRuKV8P9wDXNTXxSfP,meadowzz,"lo-fi beats, lo-fi",31,665,https://open.spotify.com/artist/6iJBPhaUkwdsG9QPc6qcEz
Honeybee,Honeybee,2024-06-28,138937,https://open.spotify.com/track/1SMsBb4CEHUqr30x3kYoeN,sloh rou,"lo-fi beats, lo-fi",48,1483,https://open.spotify.com/artist/0D4FGltctqk7z1BdC1088j
Honeybee,Honeybee,2024-06-28,138937,https://open.spotify.com/track/1SMsBb4CEHUqr30x3kYoeN,ron quixote,"lo-fi beats, lo-fi",50,2060,https://open.spotify.com/artist/7IsLRXgrGBhZPleg96NhwA
Highland Sun,Highland Sun,2024-06-28,121481,https://open.spotify.com/track/4AtVKZl198zqSTWRyanskK,humble hugo,"lo-fi beats, lo-fi",27,167,https://open.spotify.com/artist/6DxiHTkbvxfCK63EZ7M32W
synthetic,synthetic,2023-05-05,151011,https://open.spotify.com/track/08kj1mLiwnc4X4S2gC6HYO,dillyphone,,16,155,https://open.spotify.com/artist/3MjBxFThZFerMrfiHYl5kT
Hotel Adriano,Hotel Adriano,2024-09-06,133333,https://open.spotify.com/track/6GoWaqhyhOTHiJ93bXihoZ,Mondo Loops,"lo-fi, lo-fi beats",61,41286,https://open.spotify.com/artist/1XFN3VcuKr4tsTtQlRiTgK
Favorite Things,Favorite Things,2023-06-30,139666,https://open.spotify.com/track/5ZwSLJigeGDlQKOdoB4jhF,myndstream,,62,3618,https://open.spotify.com/artist/4XeAwrDuVTNPa9WzLAerm3
Sleezy,Sleezy,2023-05-26,114666,https://open.spotify.com/track/6xaAsG7UN0CmI3dwA54FwQ,Mount Dreamer,lo-fi,27,176,https://open.spotify.com/artist/2pPuDXt6uSj2gGllSLRjnO
aldo,Aldo,2023-08-27,131265,https://open.spotify.com/track/2s32Bxpb4A6O4tn8ya6Xst,May-Flowa,"lo-fi, lo-fi beats",48,1703,https://open.spotify.com/artist/3nYAsFmuTO2M6A9Gpb8CCr
are you there,are you there,2024-06-12,118571,https://open.spotify.com/track/2tAXrvd0ytv8cBGYNXLIPB,Pleij,"lo-fi beats, jazz beats, lo-fi",39,796,https://open.spotify.com/artist/0JohphlOxBRMHrYLcWvIFN
Soft Breeze,Soft Breeze,2023-05-26,138352,https://open.spotify.com/track/39vp8D8UInw4o5jIoAz579,l'eupe,"lo-fi beats, lo-fi",51,3147,https://open.spotify.com/artist/67AA1XRZU4GSLZQe83BVk9
Sudden Change,A Bit of Colour,2022-12-29,113142,https://open.spotify.com/track/5Afsgt5QEt2aKPRplLfr6T,Lonely Joyman,lo-fi,25,155,https://open.spotify.com/artist/4UZYBPHjHcnzMuyBFMFaWn
My Cat Picks Cactus Flowers,My Cat Picks Cactus Flowers,2023-05-05,137857,https://open.spotify.com/track/6yi6V9pR18642tim9GlHdG,Tigerpalm*Bay,"lo-fi beats, lo-fi",43,1088,https://open.spotify.com/artist/17AFp9vXzeK7mwKhcFFB5J
Circle,Circle,2024-06-28,147700,https://open.spotify.com/track/5TYYZj4y8tmHSeCnDWUyNO,Glow Down,"lo-fi beats, lo-fi",37,222,https://open.spotify.com/artist/1gWqPuL3TnL7maQnhHAZhn
Summertalks,Summertalks,2023-05-07,131945,https://open.spotify.com/track/3XdldYJT0hXaHKzWlgekSW,shapes,lo-fi,30,81,https://open.spotify.com/artist/4BTgiaeE6KnrTaHsfEOPDC
Magic Mind,Magic Mind,2022-03-06,155424,https://open.spotify.com/track/3nqicEuiIvZvqtHeQtue74,Duane Drew,"lo-fi, lo-fi beats",27,224,https://open.spotify.com/artist/5yFE7Dwg7yEJtQNGBuAx0J
Gero-Gero,Gero-Gero,2023-03-17,123475,https://open.spotify.com/track/6WEsTVSuRZR3Ru1rA3WRMt,Lime Nyorobon,"lo-fi beats, lo-fi",37,284,https://open.spotify.com/artist/5JYFvN3c7qDJyLruTdkyPq
cycle of life,cycle of life,2023-12-31,124109,https://open.spotify.com/track/5N6kN49QpZic3dBIvqQxRH,Cheeky Beez,"lo-fi beats, lo-fi",42,386,https://open.spotify.com/artist/2bsxN6WcHThnyAuPiLscbA
Good Vibes L.O.N.E.L.Y,Good Vibes L.O.N.E.L.Y,2024-05-10,170649,https://open.spotify.com/track/1RYRtnbqpTTzBJPvuv3cPi,Vanilla Beach,lo-fi,37,824,https://open.spotify.com/artist/4gJj9oQfNWsfgwKYeUdlCe
Urban Chillax,Cozy Cafe Chronicles,2023-04-06,136235,https://open.spotify.com/track/26xKW0AN8JMF2muG39F8UR,Ludvig Freso,,25,1018,https://open.spotify.com/artist/6EL8Sngq7vN8aVAjWmLivS
Milky Way,Milky Way,2023-04-28,152400,https://open.spotify.com/track/4nClhrNscevthmisW3LQVK,MLTSMTHNG,"lo-fi beats, lo-fi",41,435,https://open.spotify.com/artist/4qVhuxnsE1C2UrjYOPIRtL
Milky Way,Milky Way,2023-04-28,152400,https://open.spotify.com/track/4nClhrNscevthmisW3LQVK,Nick's chill factory,"lo-fi beats, lo-fi",49,867,https://open.spotify.com/artist/3QJraihPHVrl3gSNaXLEr9
sunburn,sunburn,2023-09-22,130832,https://open.spotify.com/track/4U5WqVdkISyQaKIlAOICAt,love_eight,"lo-fi beats, lo-fi",43,605,https://open.spotify.com/artist/2cCbtvKbNfKnKuMfEeyvJE
Mystiqa,Mystiqa,2021-03-10,141567,https://open.spotify.com/track/4RwJDAOh06mjuEGXjr9JbL,Duane Drew,"lo-fi, lo-fi beats",27,224,https://open.spotify.com/artist/5yFE7Dwg7yEJtQNGBuAx0J
Warpath,Warpath,2023-01-20,121578,https://open.spotify.com/track/0rnvcnWt3NNFktYBUXM8CN,Kuttrey,,21,225,https://open.spotify.com/artist/29odQFU45sbl448kuIgMa5
coconut,coconut,2024-02-11,170730,https://open.spotify.com/track/4VLf2JAtJmzHaKvA8mOlmu,Ali Kaj,"lo-fi beats, lo-fi",43,1150,https://open.spotify.com/artist/06VNBq9wJN4eEo6ZRM7HGI
Heaven's Nite,Heaven's Nite,2021-06-20,149647,https://open.spotify.com/track/4n5QiZSOrc5dK6a9QFlL38,Blizzful,"lo-fi beats, lo-fi",15,325,https://open.spotify.com/artist/0gG46tMHvdFASm9BmM0icf
ambar,ambar,2022-07-08,141971,https://open.spotify.com/track/0VOuTIdSvi1JdrbUA79hLs,tres islas,"lo-fi beats, lo-fi",33,878,https://open.spotify.com/artist/7CRBLbMHIR0QIrBGhj4mc8
In Comparison With,In Comparison With,2024-07-26,202066,https://open.spotify.com/track/2kRqoND9nTZ6ShVTWPQ3Y6,State Artefact,"lo-fi beats, lo-fi",39,202,https://open.spotify.com/artist/12i5wgLXkiZiGkM3esIk8Q
Vivid Awake,Vivid Awake,2021-07-30,137047,https://open.spotify.com/track/1b1hS6FnAx5rJE0i17S187,Syzygy X,lo-fi,24,146,https://open.spotify.com/artist/5bQ0VyBeExuR0VDhSMIuii
Honestly,Honestly,2024-06-28,127115,https://open.spotify.com/track/5CzVTEr2Ue7Ac7CFKLp75Y,Blank x Blank,"lo-fi beats, lo-fi",38,412,https://open.spotify.com/artist/7tZMN6RonZwh9uUI3zdDgT
goodnight paris,goodnight paris,2023-10-15,171833,https://open.spotify.com/track/4ml3CC6HTNaGnFgiRnAiFH,Clocktown Stars,"lo-fi beats, lo-fi",40,308,https://open.spotify.com/artist/41tAquCucBUKN6L1xeMWns
study in lo-fi hillshade,study in lo-fi hillshade,2021-09-09,137142,https://open.spotify.com/track/31QCr2Pvsq23hglCoKfVy2,Kathyline,lo-fi,14,289,https://open.spotify.com/artist/2gbD0B3Nzgzy0OQJwq3YBd
Artifacts,Cassette,2021-05-20,222037,https://open.spotify.com/track/0X3tR78eWkLh5yBDBXb1tF,Hi Hotel,lo-fi,15,338,https://open.spotify.com/artist/5XpDsM9N17TONXweroKN59
nightfall,nightfall,2023-03-12,147082,https://open.spotify.com/track/5ecjLNs1mY61pMIA4XQRut,Antennaah,lo-fi,30,148,https://open.spotify.com/artist/6KiVH2JCfM9KczjORaXjGj
Beach Day,Beach Day,2023-03-03,195000,https://open.spotify.com/track/018aK9iGP4GfZjg48dlAEq,SoFo,"lo-fi beats, lo-fi",39,223,https://open.spotify.com/artist/2hsvv4SulxVhnoLWtuMxo1
grind,Attitudes Of November,2021-09-07,125250,https://open.spotify.com/track/54wyyYVcwwBYbJzYBmaQc8,Zibi & Bibi,lo-fi,20,169,https://open.spotify.com/artist/1Pkve0Wq80BendrhjGGYmo
Essence,Essence,2021-10-27,156486,https://open.spotify.com/track/6TsfMWf0hyOq0ReOC1tPo2,Wishard,lo-fi,39,506,https://open.spotify.com/artist/6yHjaHwGhawtwP93NcKs81
Pleasure Management,Pleasure Management,2023-04-14,130000,https://open.spotify.com/track/3omD9V1ffkjV2YZJ5qs11A,Demurely,lo-fi,41,1422,https://open.spotify.com/artist/69MgJebVr2yMrf8jlOXg9j
Purple Tie,Passion Fruit,2022-07-07,108292,https://open.spotify.com/track/1F8n6K9urVNsVzmAzDnZkM,Robin Slap,"lo-fi beats, lo-fi",15,201,https://open.spotify.com/artist/65bnWo5d8B3pl5DfAeIVtW
Still Trying,Still Trying,2022-03-01,144375,https://open.spotify.com/track/1PyTG6VhRlpARtgJT7WNnA,Keyser Dope,lo-fi,23,134,https://open.spotify.com/artist/0AlQc7m93kmKUb3F0pJx2V
Samurai Saga,Samurai Saga,2024-02-02,170666,https://open.spotify.com/track/0F5npipcffdFXSwu9PiOYX,ax am,lo-fi,42,1425,https://open.spotify.com/artist/1aYBi1snyye9aYO5Vs3OTO
Solitaire,Solitaire,2022-09-02,125573,https://open.spotify.com/track/4SBrpMj6oa4keWYoXPklyL,Loe Moe,,18,250,https://open.spotify.com/artist/7wKZzfuAPYrjb3kMCQX6II
can you call me back,can you call me back,2023-03-17,189824,https://open.spotify.com/track/5MspgG8KBCGjZEri91ZR1t,Venn Divi,lo-fi,30,166,https://open.spotify.com/artist/0xMjjTrZmBI1AxzgRKFmPi
just let go,just let go,2023-10-29,169230,https://open.spotify.com/track/7btoampX4TCsFEw4Q7KZRS,Cheeky Beez,"lo-fi beats, lo-fi",42,386,https://open.spotify.com/artist/2bsxN6WcHThnyAuPiLscbA
in too deep,in too deep,2024-01-14,191647,https://open.spotify.com/track/0KbBe4XeOkWuPSr287AHnb,Zupa Fitz,"lo-fi beats, lo-fi",48,701,https://open.spotify.com/artist/4MWkjSKrSjby7g8N96hwFg
Sushi Wushi,Sushi Wushi,2023-03-12,118678,https://open.spotify.com/track/2hP9nuLmOuTNnhUNjaLsaP,Monsieur Radieux,lo-fi,14,293,https://open.spotify.com/artist/5FTBkfH7lmVjF2Nu8PNIDB
the eagle,the eagle,2023-09-08,132000,https://open.spotify.com/track/1v1NpH98bzmOGzy7Uonzch,karlaplan.,lo-fi,22,232,https://open.spotify.com/artist/4RFTWRcFCHqWgDDakmHCBr
Bukkla,Bukkla,2021-08-25,205821,https://open.spotify.com/track/5QM0fXFIyTIztACe2YNkk1,All High Fives,lo-fi,14,318,https://open.spotify.com/artist/4YG7rA1dxiUyeQvpNgKds2
Flush,Flush,2023-03-12,114561,https://open.spotify.com/track/7IaslbvFemsHF5eNiB3PMQ,Liit City,lo-fi,24,124,https://open.spotify.com/artist/3jbFAxekmZ5DY8CHuw5Uti
Electro Lofi,Electro Lofi,2022-04-05,115200,https://open.spotify.com/track/6fZgKfjI7TSVrjm3LPYnWB,´Goule,lo-fi,22,170,https://open.spotify.com/artist/2phpbwxQb0xbtDKXYP5VDu
Let's Downgrade!,Let's Downgrade!,2022-06-17,141750,https://open.spotify.com/track/3xIjrwRT9LFeMjKAO9NPGy,RainDear,"lo-fi beats, lo-fi",39,462,https://open.spotify.com/artist/0cPgIB1XyF4E0wZbDUqQ33
Bossa K,Bossa K,2023-02-17,132750,https://open.spotify.com/track/6pun0yN2Xn51ulPrKktIPp,Juliette,"lo-fi beats, lo-fi",41,1101,https://open.spotify.com/artist/2A9ozO2R5liuK6dMrhJwnQ
Sunsoak,Sunsoak,2022-07-04,131200,https://open.spotify.com/track/0GiZGyGx5A5r1zDxARPdkl,Ray Ford,,26,237,https://open.spotify.com/artist/4pl1vdN8xHWjo9PhTUeKFy
good night,good night,2023-02-24,128373,https://open.spotify.com/track/1H9WHrpRW9Am40btf8O9JA,Cyan_95,"lo-fi, lo-fi beats",44,803,https://open.spotify.com/artist/2F0ArRuBoD4jl4bM8fNyiU
unknown scenery,LOST VACATION,2024-05-17,314000,https://open.spotify.com/track/3GnoyG6iAXdHsVgGxRE0dr,BROCKBEATS,"j-dance, lo-fi, lo-fi beats, jazz beats",43,27395,https://open.spotify.com/artist/0DrshpbzI0ItncVhYZ2BtW
Wonders,Wonders,2024-03-08,163668,https://open.spotify.com/track/640SE3hpcUgwdx8uyu2BRe,Moon Spirit,,26,76,https://open.spotify.com/artist/5KQrXENL8zznzYw3r6zTlx
capricorn,capricorn,2023-02-17,124526,https://open.spotify.com/track/0slmLnFxVAM2qnV61MrvJV,LAV8,"lo-fi, lo-fi beats",49,5648,https://open.spotify.com/artist/0n0N8rkm96ulhvOxNu6zK5
leave the lights on,leave the lights on,2023-01-06,132517,https://open.spotify.com/track/7d5KOapwEiUVGxa9fGOD8a,Cyan_95,"lo-fi, lo-fi beats",44,803,https://open.spotify.com/artist/2F0ArRuBoD4jl4bM8fNyiU
Phunsmoke,Phunsmoke,2024-07-19,112500,https://open.spotify.com/track/3IHGcfzz0Xk2xUcU8jXugV,LOFI FRAN,"lo-fi beats, lo-fi",34,295,https://open.spotify.com/artist/79lYlTTaSsCLvanVBtYWf6
bookworn,bookworn,2024-03-15,125076,https://open.spotify.com/track/6tnQHLy3sz7QNLBsYCpDnn,yellow sofa,"lo-fi beats, lo-fi",39,194,https://open.spotify.com/artist/00zktRPsRiNCP7GWXXi9Jc
chrome,chrome,2022-12-09,142555,https://open.spotify.com/track/409mSIlqx7ZKfWhPzFzRhL,love_eight,"lo-fi beats, lo-fi",43,605,https://open.spotify.com/artist/2cCbtvKbNfKnKuMfEeyvJE
Con Bajo Fidelidad,Con Bajo Fidelidad,2023-10-13,130978,https://open.spotify.com/track/0Ti4yQxF7IyyhK3rIT1cdw,The Fly Guy Five,electro swing,40,5440,https://open.spotify.com/artist/7D5flI7hB9nzew9W2KnKm8
left_right,Aldo,2023-08-27,146204,https://open.spotify.com/track/5wTr5jU2T9JIkvP3TdJNaL,May-Flowa,"lo-fi, lo-fi beats",48,1703,https://open.spotify.com/artist/3nYAsFmuTO2M6A9Gpb8CCr
sunset hangout,sunset hangout,2024-05-12,151578,https://open.spotify.com/track/0W3JiwTNHG08ubQ5w7iqXD,Nice Gii,"lo-fi beats, lo-fi",36,328,https://open.spotify.com/artist/4y04SK9f1oYHAZ8WDHy9wi
You’re a wizard Larry,You’re a wizard Larry,2022-11-25,127228,https://open.spotify.com/track/4uj5GzaGYcWhMQJ8gs2Muf,Wezley Wiz,"lo-fi beats, lo-fi",34,356,https://open.spotify.com/artist/6oGyihO2387JNURS8U5Olg
Digital lounge,Digital lounge,2021-08-24,129200,https://open.spotify.com/track/24XhVpnlzq5fsf7TPFccwx,Roboto 23,lo-fi,13,327,https://open.spotify.com/artist/4BqXrDIymPUviUv9HXmmjO
Catchin' The Vibe,Catchin' The Vibe,2023-05-26,127848,https://open.spotify.com/track/0zWSkVjrsxfqHBx6WAfdFA,404flipp,"lo-fi beats, lo-fi",35,173,https://open.spotify.com/artist/0JAoyodhQGwikUsJp8FKNV
Catchin' The Vibe,Catchin' The Vibe,2023-05-26,127848,https://open.spotify.com/track/0zWSkVjrsxfqHBx6WAfdFA,Nick's chill factory,"lo-fi beats, lo-fi",49,867,https://open.spotify.com/artist/3QJraihPHVrl3gSNaXLEr9
wintersun,wintersun,2024-01-28,123750,https://open.spotify.com/track/3VeRLgiVTKHDsYrAjI03Sq,Clocktown Stars,"lo-fi beats, lo-fi",40,308,https://open.spotify.com/artist/41tAquCucBUKN6L1xeMWns
Commuter,Commuter,2022-10-03,120000,https://open.spotify.com/track/4Rf27qELU6XDQx8DtFHU4Q,Giorgio Robertini,"lo-fi beats, lo-fi",29,413,https://open.spotify.com/artist/3CfYXa3IM5nDW2rzaVRQRV
By Your Side,By Your Side,2023-07-14,172941,https://open.spotify.com/track/1XnYF6p4eFq3lQNloDQDUE,Dream Hopper,lo-fi,13,207,https://open.spotify.com/artist/6yWYeA3RBCh60Lig4Q1Ldu
Alicante,Alicante,2024-06-11,184702,https://open.spotify.com/track/0YRYWdsmAm97kcgRvXuJDB,Matt Large,"lo-fi, lo-fi beats",43,7298,https://open.spotify.com/artist/107WzwlsOTR6Nxnw2kPHd3
helping,helping,2024-04-19,140495,https://open.spotify.com/track/0LD3EBEUNRwNYEEtnYfZVz,Hula Hoops,,25,85,https://open.spotify.com/artist/5QmlQ9G1MllDh6ilEC2p1Y
City Lights,City Lights,2022-09-01,113333,https://open.spotify.com/track/2hU0KZRPVZ1z7AZga7PXup,Smith Village Beat Street,"lo-fi, lo-fi beats",25,273,https://open.spotify.com/artist/40rTd7D3ud1Q9BB4Qop0WF
counting sheep,counting sheep,2022-10-10,116756,https://open.spotify.com/track/3x2Y0A58sRnkx2PD9dcbCc,Zack Zhu,lo-fi,17,180,https://open.spotify.com/artist/6MRw1mgKzI22Yjlcu2Fzea
full sail ahead,full sail ahead,2022-06-26,134600,https://open.spotify.com/track/0NkI38RjrMyLaboKWpxA86,Summeriez,lo-fi,16,344,https://open.spotify.com/artist/2aVml0FoztVW45SVjA0FsW
Chazzed,Longings,2021-08-27,137134,https://open.spotify.com/track/2h8saMMTJWqD01ZKzkLqdi,Justnormal,"lo-fi beats, lo-fi",42,6104,https://open.spotify.com/artist/2YCz7aHoRoAZ435UDLOKOs
morning coffe,morning coffe,2023-09-15,129500,https://open.spotify.com/track/1H86TtgCH7wlztTQjIJCXo,Mathis,"lo-fi beats, lo-fi",42,484,https://open.spotify.com/artist/19MFUmiYwTLD77ECnzbVWa
feel better,feel better,2022-08-26,83136,https://open.spotify.com/track/2APoCwZ3G1JIQnU3Vsjay7,youngneko,lo-fi,13,385,https://open.spotify.com/artist/3S5WZf3AJExUrR6vzHH1bL
Zakky,Zakky,2021-03-03,155384,https://open.spotify.com/track/0hZ2N9qQUApVWKWR1allC5,K9 Division,,32,434,https://open.spotify.com/artist/14mNenIi1W5u68fvDTd7ES
If These Streets Could Talk (T.A.X.I),If These Streets Could Talk (T.A.X.I),2024-07-05,197763,https://open.spotify.com/track/2zOuDVOuHUhzIQmdVtTw2t,Miso Colt,"lo-fi beats, lo-fi",35,1100,https://open.spotify.com/artist/0bsWKSbs38UWgIjPBaz5x4
van life,van life,2024-06-28,141795,https://open.spotify.com/track/4j8uAYMGya8Qn9pTiXusO3,luv.fi,,37,219,https://open.spotify.com/artist/2u6hFkHXuIM5BIG1Dp7r2N
undefined,undefined,2022-08-21,101647,https://open.spotify.com/track/4RzY9ZLhrqDwsbTl69va0t,Twinkz,lo-fi,28,234,https://open.spotify.com/artist/1uAbd4UZwniPiJefEpZfm9
Reeds,Reeds,2022-06-17,108828,https://open.spotify.com/track/569xsJRzYIWE6u8X9gAQRp,d'Addario,lo-fi,39,220,https://open.spotify.com/artist/4V0Cgq9L5jRSOTcDVZgABQ
haze avenue,haze avenue,2022-06-28,128000,https://open.spotify.com/track/12YAU1BzBei8xXoSu10Ae8,Jarhed,"lo-fi beats, lo-fi",34,172,https://open.spotify.com/artist/3gSbOuZWElvuwEPZP18TCF
Flying Lofi Bugs,Flying Lofi Bugs,2022-11-10,99428,https://open.spotify.com/track/4cGt0bobV5aGn3d55XMPKv,ikioma,lo-fi,14,264,https://open.spotify.com/artist/2rThuiJzp3Df9CyvquCEYd
Dreamworld Lighting,Dreamworld Lighting,2022-06-11,108000,https://open.spotify.com/track/0WAn02sRN7qwxqr4ErO0SC,Alfonsi Kazzi,lo-fi,13,276,https://open.spotify.com/artist/22L0adl99CJwKSs2MUo4fH
Waves,Waves,2022-07-01,154692,https://open.spotify.com/track/0Dcsu1oGRH9knxbEbYd5dC,low&slow,"lo-fi beats, lo-fi",47,754,https://open.spotify.com/artist/5nRIouNA5T37sVSDEjbhAL
Plateau,Plateau,2023-10-03,145500,https://open.spotify.com/track/4RZYRduLIQnj8oSQRccjFg,Cloudsurfin',"lo-fi beats, lo-fi",42,1038,https://open.spotify.com/artist/5Dsg7x6lNQTgWSgnYlIpif
Sthlm Night,Sthlm Night,2023-09-22,170500,https://open.spotify.com/track/7eMXZGWOAL7clS5ki24HDO,Jolly Jordan,lo-fi,38,280,https://open.spotify.com/artist/4lpUkhOmmsVncY2vxf2UuZ
Super Film,Catch Me Lofi,2022-08-15,106406,https://open.spotify.com/track/7IQo63pHyV9TR9QS59TY4Q,Nizmar Ola,lo-fi,12,283,https://open.spotify.com/artist/7hoiEgMS78aEnIy44lmSwh
The Protagonist,The Protagonist,2022-08-13,97400,https://open.spotify.com/track/3191qXOHGBMGKCoBIjUz3A,TheDewk,lo-fi,13,286,https://open.spotify.com/artist/5gnerJQeC6DOhWziTjPITZ
Cloud Base,Waterfalls,2021-05-06,157714,https://open.spotify.com/track/3l4Sut89BnuWk7Ndn250DM,Timestreet,"lo-fi beats, lo-fi",14,120,https://open.spotify.com/artist/1ZUmSYkOlZf9weqimkmtC6
Bravado,Feeling Something,2021-07-30,127706,https://open.spotify.com/track/7sBADAbyjri5eDaU8qtCOK,Justnormal,"lo-fi beats, lo-fi",42,6104,https://open.spotify.com/artist/2YCz7aHoRoAZ435UDLOKOs
polaris,polaris,2024-08-23,120374,https://open.spotify.com/track/1Z1EPGghmQHnXY7kHpjidh,little blue,"lo-fi beats, lo-fi",42,397,https://open.spotify.com/artist/5WFsnwKBPWK0uFitm41Dv1
polaris,polaris,2024-08-23,120374,https://open.spotify.com/track/1Z1EPGghmQHnXY7kHpjidh,Dontcry,"lo-fi, lo-fi beats",60,27833,https://open.spotify.com/artist/3vzJueN7TkCtYpz1myVmDU
amaryllis,amaryllis,2024-05-03,122000,https://open.spotify.com/track/0t4obMUizYRn6ui2nDk6nD,jpegdonn,"lo-fi beats, lo-fi",36,237,https://open.spotify.com/artist/1CiD9BpiNWQ6XzwQ1z2LLw
LoFicious,Moninho,2021-03-19,101333,https://open.spotify.com/track/1gH2c0errw3UWdcGUND49e,Ingolf,lo-fi,13,357,https://open.spotify.com/artist/39O4aZTj38oxLHIAeBuyE7
arise,arise,2024-02-04,123302,https://open.spotify.com/track/4KZvJKxqVcN4W2ZEWv87Lv,Cheeky Beez,"lo-fi beats, lo-fi",42,386,https://open.spotify.com/artist/2bsxN6WcHThnyAuPiLscbA
Palette,Palette,2023-09-19,143780,https://open.spotify.com/track/52A1HqtgXF8ZFKTbX7UpFr,Mozzie,"lo-fi beats, lo-fi",52,1739,https://open.spotify.com/artist/10gjx964A7V2fWnMZXTiy4
Soon,Soon,2024-07-19,111000,https://open.spotify.com/track/7wv6AvJ9rBaL4QvzDCoLgh,azayaka,"lo-fi, lo-fi beats",52,4509,https://open.spotify.com/artist/6NlDyXtng5iheiZRAzt4NF
Poolside,Poolside,2023-05-05,145263,https://open.spotify.com/track/0MAMSYiD7uHZHvAJ3rMmEg,Calvin Bennett,"lo-fi beats, lo-fi, jazz beats",45,914,https://open.spotify.com/artist/0lseLLxf3jeiML3aTpqo9R
Poolside,Poolside,2023-05-05,145263,https://open.spotify.com/track/0MAMSYiD7uHZHvAJ3rMmEg,l'eupe,"lo-fi beats, lo-fi",51,3147,https://open.spotify.com/artist/67AA1XRZU4GSLZQe83BVk9
WD40,Get Home Safe,2023-08-04,99000,https://open.spotify.com/track/4yI6c77CRidZ8QWqYeB9Ki,Matthew Sutton,,17,133,https://open.spotify.com/artist/2DNQwPsuuR0zsZhuEmRDqM
Ocean view,Ocean view,2023-03-31,195428,https://open.spotify.com/track/67KV197aojEW3rNeGj6Vxe,SoFo,"lo-fi beats, lo-fi",39,223,https://open.spotify.com/artist/2hsvv4SulxVhnoLWtuMxo1
late nights,late nights,2024-08-21,147237,https://open.spotify.com/track/721Bki4eKI2WxkwrPPHW3c,someday,lo-fi,38,522,https://open.spotify.com/artist/5qXb2k1THc04mE2x1QGxlv
late nights,late nights,2024-08-21,147237,https://open.spotify.com/track/721Bki4eKI2WxkwrPPHW3c,tezpu,"jazz beats, lo-fi",43,1142,https://open.spotify.com/artist/4qsNTmhzMYuDilyDFbJFp2
Quiet Storm,Quiet Storm,2023-07-24,127422,https://open.spotify.com/track/6P7n92qmU1JBcq74p0kW29,Pepper,lo-fi,30,606,https://open.spotify.com/artist/7wxv15AsqEJNoMmCzkZw9M
Quiet Storm,Quiet Storm,2023-07-24,127422,https://open.spotify.com/track/6P7n92qmU1JBcq74p0kW29,Lola,"lo-fi beats, lo-fi",51,73342,https://open.spotify.com/artist/1qDK6LhZ26Z6od4yq1VBKT
summer nights,summer nights,2023-08-11,117000,https://open.spotify.com/track/6N9nUbyfpKOFIyqS2kBiAj,melloe,"lo-fi beats, jazz rap, lo-fi",25,1333,https://open.spotify.com/artist/6hQPDJPAjllBEsN3Kcm2PI
summer nights,summer nights,2023-08-11,117000,https://open.spotify.com/track/6N9nUbyfpKOFIyqS2kBiAj,Kanimayo,"lo-fi beats, lo-fi",34,994,https://open.spotify.com/artist/4SVWzWmrg2LqMlVrt0ZZq1
Snooze,Snooze,2023-08-11,90434,https://open.spotify.com/track/7rD6NHq0wj0fMTMN1azd7g,Dpsht,"lo-fi beats, lo-fi, jazz beats",53,5030,https://open.spotify.com/artist/2VhyMRukJ2e1CgZ6k7Tux3
Hinoki,Hinoki,2024-07-16,150004,https://open.spotify.com/track/7cRP0sGjYswpFPUNBcLPFC,Casiio,"lo-fi, lo-fi beats",61,17499,https://open.spotify.com/artist/5zUSfxfP1NETZiaWt0Ui0a
Hinoki,Hinoki,2024-07-16,150004,https://open.spotify.com/track/7cRP0sGjYswpFPUNBcLPFC,Sleepermane,"lo-fi, lo-fi beats",57,9933,https://open.spotify.com/artist/4gGsx7blPpBj7gKGmDBEfI
Palmeiras,Palmeiras,2023-03-28,100666,https://open.spotify.com/track/4f5CyiauVztsfF9JI8HIUC,Konteks,"jazz rap, lo-fi beats, jazz beats, lo-fi",50,14459,https://open.spotify.com/artist/38lJ5B9ZBk3zsRKEf3oG2R
washed ashore,washed ashore,2023-06-09,131047,https://open.spotify.com/track/12NFF6F8Z4hFtxDaBUbU5x,S-ilo,"lo-fi, lo-fi beats",37,2546,https://open.spotify.com/artist/04zvEg1lhzzyN1rLgfO8hG
washed ashore,washed ashore,2023-06-09,131047,https://open.spotify.com/track/12NFF6F8Z4hFtxDaBUbU5x,Milan Beats,"lo-fi beats, jazz beats",17,386,https://open.spotify.com/artist/6vlBN0oKCy0H1Ji0isYxO8
No Pressure,No Pressure,2023-05-12,121000,https://open.spotify.com/track/5RCXulZHahDWbtUr7tAgtH,Donkeychote,"lo-fi beats, lo-fi, jazz rap",46,5393,https://open.spotify.com/artist/3qPSdWkG9474zgjbxYwncU
No Pressure,No Pressure,2023-05-12,121000,https://open.spotify.com/track/5RCXulZHahDWbtUr7tAgtH,Golden Ticket Tapes,"lo-fi beats, lo-fi, jazz beats",44,2511,https://open.spotify.com/artist/1XHE2jFO11NVGUBv25uDVZ
Blue Skies,Blue Skies,2023-05-06,116666,https://open.spotify.com/track/0XA711CN95SCkCwMsQvIR6,Wax A Dizk,lo-fi,33,178,https://open.spotify.com/artist/0oFTGAftcAfchCbIObOGjh
First Impressions,First Impressions,2022-10-06,131001,https://open.spotify.com/track/4m4QBep0gtfC3g8wjev0QB,Sugar Coast,"lo-fi beats, lo-fi",25,223,https://open.spotify.com/artist/77PPAf37R11s5IiWFGYP3m
Paradox Beat,Paradox Beat,2021-06-27,152470,https://open.spotify.com/track/46XrLBGLzfLKpGl4HqEO7h,Glow Down,"lo-fi beats, lo-fi",37,222,https://open.spotify.com/artist/1gWqPuL3TnL7maQnhHAZhn
passion,passion,2024-01-26,146821,https://open.spotify.com/track/61gU1pAQvkVNk634ziWeAJ,Zatsuma,"lo-fi beats, lo-fi",40,507,https://open.spotify.com/artist/5JqlGSeCW5ifXQriLDHTwe
Corner,Corner,2024-08-23,120000,https://open.spotify.com/track/1i5mC6FuAR10nMOEfDfvqU,Maadrhino,"lo-fi beats, lo-fi",42,3690,https://open.spotify.com/artist/69NXAR2kpX8fv5ed7xJpgx
Corner,Corner,2024-08-23,120000,https://open.spotify.com/track/1i5mC6FuAR10nMOEfDfvqU,Slowheal,"lo-fi beats, lo-fi",44,6505,https://open.spotify.com/artist/6XfzIkZ3Qel4Lvhba67CqC
Always There,Always There,2023-02-24,157500,https://open.spotify.com/track/7lRBKccjb79wjRJy6ilFks,Cleto Clouds,lo-fi,14,75,https://open.spotify.com/artist/5b8NddTgMkZDXLI1DFz2vr
Leap Year,Leap Year,2023-03-24,129281,https://open.spotify.com/track/3PDahjvEAF9s02hVvdAVFv,Smile High,"lo-fi beats, jazz beats",37,11622,https://open.spotify.com/artist/2TD6omXIh4gf6AJZlVV7oG
Leap Year,Leap Year,2023-03-24,129281,https://open.spotify.com/track/3PDahjvEAF9s02hVvdAVFv,Teddy Roxpin,"lo-fi beats, jazz beats, lo-fi",33,1798,https://open.spotify.com/artist/0MZ2kdIMm8GrHOzPm1QK1A
Leap Year,Leap Year,2023-03-24,129281,https://open.spotify.com/track/3PDahjvEAF9s02hVvdAVFv,Felty,"lo-fi, lo-fi beats",47,1995,https://open.spotify.com/artist/5zNV6mtDd7Bo9ncZws9TFG
laidback paradise,laidback paradise,2021-03-16,201580,https://open.spotify.com/track/5vMQj2BQeVHxwnouYx2AfR,Rushee,lo-fi,16,209,https://open.spotify.com/artist/240eY7QFKitmqf9aiXwJQw
Velvia,Velvia,2024-06-28,150697,https://open.spotify.com/track/0Zhdb7qRiARKBoBcai5gjn,Philanthrope,"lo-fi beats, lo-fi, jazz beats",54,46492,https://open.spotify.com/artist/13ACz7DIictCpSYGglNTHs
Velvia,Velvia,2024-06-28,150697,https://open.spotify.com/track/0Zhdb7qRiARKBoBcai5gjn,Flitz&Suppe,"lo-fi beats, lo-fi, jazz beats, jazz rap",48,25882,https://open.spotify.com/artist/49WbztFLx9iDTh8LHEIF84
Gas Station Oasis,Gas Station Oasis,2023-03-03,139764,https://open.spotify.com/track/0XSfoUnf7HB5DEd2kIEAZV,Lil Gromit,"jazz beats, lo-fi, lo-fi beats",42,1528,https://open.spotify.com/artist/12R1ZRnrpi0uH9EfmLQ9Pj
Flor De Verão,Flor De Verão,2022-12-23,127500,https://open.spotify.com/track/52cxCWNiYdhGMGSgszz5Ow,So.Lo,"lo-fi, lo-fi beats",47,2692,https://open.spotify.com/artist/5vxaqyEjb7eMVm9bUnbwQj
Flor De Verão,Flor De Verão,2022-12-23,127500,https://open.spotify.com/track/52cxCWNiYdhGMGSgszz5Ow,Dosi,"lo-fi, lo-fi beats",55,4618,https://open.spotify.com/artist/5p2HHGakKOJCICf9fnfnQ9
Flor De Verão,Flor De Verão,2022-12-23,127500,https://open.spotify.com/track/52cxCWNiYdhGMGSgszz5Ow,Drxnk,"lo-fi, lo-fi beats, jazz beats",53,1751,https://open.spotify.com/artist/0wN7ALPeSqOb16sG7vl4RC
Easy,Easy,2022-04-22,94864,https://open.spotify.com/track/5lHSzAd0agYk5DqYnrkXFz,Fed Nance,"lo-fi beats, lo-fi",44,1456,https://open.spotify.com/artist/2aeZ4vysvCWfhqaHHLWzdm
Counting Down The Days,Counting Down The Days,2023-08-18,131160,https://open.spotify.com/track/3Uif1z4D6V3uGc3wEd3BqG,Jikuru,"lo-fi beats, lo-fi",42,688,https://open.spotify.com/artist/2KV1oZF072xUfPJbNti3Gp
Counting Down The Days,Counting Down The Days,2023-08-18,131160,https://open.spotify.com/track/3Uif1z4D6V3uGc3wEd3BqG,Lola,"lo-fi beats, lo-fi",51,73342,https://open.spotify.com/artist/1qDK6LhZ26Z6od4yq1VBKT
Brain Noise,Brain Noise,2024-06-26,146938,https://open.spotify.com/track/5WZmTGv1YBnhaxNAi5Z7cl,Wataru Fujiwara,"lo-fi beats, lo-fi",28,941,https://open.spotify.com/artist/0wOfP27EddIPwwB7X7ZrWP
Make A Wish,Make A Wish,2022-10-11,123509,https://open.spotify.com/track/2P41Bt7a8ecBJAPsQ1kYzf,Neele Harder,lo-fi,42,1507,https://open.spotify.com/artist/4KxuKYAXcdSrZGi1s19G5c
Make A Wish,Make A Wish,2022-10-11,123509,https://open.spotify.com/track/2P41Bt7a8ecBJAPsQ1kYzf,Last Summer,lo-fi,24,1768,https://open.spotify.com/artist/1OngpryVWFJJNFsqSxhVFB
calm nights,calm nights,2023-12-08,144000,https://open.spotify.com/track/57KG77P6mmQvQassZqe5BI,giannis wang,"lo-fi beats, lo-fi",49,281,https://open.spotify.com/artist/7gCQx2yCLDrGPTMa7fAY8y
Iced Tea,Iced Tea,2022-07-11,117564,https://open.spotify.com/track/5tRZ5EMRDkuRiJ49iCzudM,créature sonore,"lo-fi, jazz beats",54,2427,https://open.spotify.com/artist/1oex6GCeWzSxHupAa6Fbnb
Iced Tea,Iced Tea,2022-07-11,117564,https://open.spotify.com/track/5tRZ5EMRDkuRiJ49iCzudM,Mike Beating,"jazz beats, lo-fi",46,8817,https://open.spotify.com/artist/3EuxGwWNxr2SRmosxJZEB3
Shadowplay,Shadowplay,2022-04-29,171473,https://open.spotify.com/track/395A5TBwtGEqsa5G8IYw1I,Shierro,lo-fi,50,12227,https://open.spotify.com/artist/7EVtRX3E2y1wcAwd2YituJ
Limitless Romance,Limitless Romance,2022-05-11,145500,https://open.spotify.com/track/7H6q2iavCpGfPM7anKkmLl,Oilix,"lo-fi beats, jazz beats, lo-fi",44,6627,https://open.spotify.com/artist/5hXOmfSG0AUYWd2ipat82x
Limitless Romance,Limitless Romance,2022-05-11,145500,https://open.spotify.com/track/7H6q2iavCpGfPM7anKkmLl,Mozzie,"lo-fi beats, lo-fi",52,1739,https://open.spotify.com/artist/10gjx964A7V2fWnMZXTiy4
Remain,Remain,2022-07-15,137142,https://open.spotify.com/track/4bNewDsQMCHz8eYbobTV8o,Jav Cast,"jazz beats, lo-fi, lo-fi beats",37,3001,https://open.spotify.com/artist/4bkOWEgiKDhSsMCJGeAfxj
Maresia,"Um Beatzinho, Um Violão",2022-11-18,160147,https://open.spotify.com/track/07WwRg1LaExVDTOZfnXKcE,Linearwave,"lo-fi, lo-fi beats",49,24194,https://open.spotify.com/artist/2wIeBTEs0AsPb74kYdEcNk
Maresia,"Um Beatzinho, Um Violão",2022-11-18,160147,https://open.spotify.com/track/07WwRg1LaExVDTOZfnXKcE,Pelicano,"lo-fi, lo-fi beats",39,1642,https://open.spotify.com/artist/3CRpU6gIV5tdSEjvZqlRl0
Maresia,"Um Beatzinho, Um Violão",2022-11-18,160147,https://open.spotify.com/track/07WwRg1LaExVDTOZfnXKcE,Lofi Brasil,"lo-fi beats, lo-fi",19,983,https://open.spotify.com/artist/6n23H3ngSwihsDpjBaAANQ
Nocturn Doubts,Night Times,2022-07-12,138181,https://open.spotify.com/track/5zVTc85gPq1ncILKdK9vXc,Dosi,"lo-fi, lo-fi beats",55,4618,https://open.spotify.com/artist/5p2HHGakKOJCICf9fnfnQ9
Nocturn Doubts,Night Times,2022-07-12,138181,https://open.spotify.com/track/5zVTc85gPq1ncILKdK9vXc,Dinis,"lo-fi, lo-fi beats",46,2020,https://open.spotify.com/artist/6jlKK6jwCQOcdsNlNfKlMq
