Playlist Name,lofi covers
Playlist Owner,Tygrave
Exported On,2025-04-30

track_name,album_name,release_date,duration_ms,track_spotify_url,artist_name,genres,popularity,followers,artist_spotify_url
teardrops,teardrops,2023-11-05,188958,https://open.spotify.com/track/2jK4MSRgDJ4UNC6hkWLamf,Laflov,"lo-fi beats, lo-fi",36,709,https://open.spotify.com/artist/6EFjl8owc4s7CFfcBcS9AH
dancing in the moonlight,dancing in the moonlight,2022-12-16,137739,https://open.spotify.com/track/1ZlN7b6imuKQUQa7ZoRmvk,hinako fukushi,lo-fi,45,887,https://open.spotify.com/artist/5glOFLmRNoXs1AC2jGYS6j
cake by the ocean,cake by the ocean,2023-04-07,134488,https://open.spotify.com/track/3PSfK8uljFKaWpFmhkUKjk,xOHARA,"lo-fi beats, lo-fi",33,596,https://open.spotify.com/artist/2Sebo5izi3H67nS858uHoK
Wonderwall,Wonderwall,2023-11-09,183000,https://open.spotify.com/track/6GtjKPUoHi5CronjJabgNx,Aurora 10,"lo-fi beats, lo-fi",41,344,https://open.spotify.com/artist/7ztuxOIQFdrMJ8pCpopMeK
We Are Family,We Are Family,2024-01-12,108937,https://open.spotify.com/track/42XobImnQvdX9GUHqxnoPN,d'Addario,lo-fi,39,220,https://open.spotify.com/artist/4V0Cgq9L5jRSOTcDVZgABQ
"Hold On, We're Going Home","Hold On, We're Going Home",2024-04-12,177881,https://open.spotify.com/track/1eLUU187vZjd2hzWgNxOb4,Wasted Glitter,"lo-fi beats, lo-fi",29,293,https://open.spotify.com/artist/0dNux2V8fLK0d4fyqwU5iZ
don't know why,don't know why,2023-02-24,127844,https://open.spotify.com/track/5V2azMg4sx0aDJ9WSWGHbB,lonely call,"lo-fi beats, lo-fi",27,262,https://open.spotify.com/artist/6Ssd20G0tbMif25RpIjxXM
believe,believe,2023-11-17,132500,https://open.spotify.com/track/17L5OzbZllHylKxpy2e7Hi,QUARTEER,"lo-fi beats, lo-fi",27,294,https://open.spotify.com/artist/3Al6VUDbDL5JSWXLebLDYX
Running Up That Hill,Running Up That Hill,2022-11-04,129832,https://open.spotify.com/track/2eITMwB0fhcCw9fs5gjLrO,Cal Credence,"lo-fi, lo-fi beats",36,578,https://open.spotify.com/artist/0T64wysQFvIl2GXHa1XRY7
losing my religion,losing my religion,2023-11-24,165000,https://open.spotify.com/track/1yUZYcTXb00c7P4pRWjmnY,Niebieski,"lo-fi beats, lo-fi",29,291,https://open.spotify.com/artist/5UAuF0nlkpdqktgrW7SqaG
young hearts run free,young hearts run free,2024-01-14,146833,https://open.spotify.com/track/2KmSwhxq48iE7LdAnoaBiR,Laflov,"lo-fi beats, lo-fi",36,709,https://open.spotify.com/artist/6EFjl8owc4s7CFfcBcS9AH
People,People,2024-02-11,160624,https://open.spotify.com/track/72pbzbidr1Myqlrlljbc0P,YorBeatz,lo-fi,30,137,https://open.spotify.com/artist/7IOCjf2dqm6jzhCAUAX4uR
i try,i try,2023-02-10,134089,https://open.spotify.com/track/3BHNGiuU59k3c1G9dlTMWB,Sinebreak,"lo-fi, lo-fi beats",34,275,https://open.spotify.com/artist/48LPQpMU3AOZ1JJrJGAfVA
cruel summer,cruel summer,2023-12-15,116520,https://open.spotify.com/track/5doH6Rkv9E1qoDPzboyzr2,Leo Zane,lo-fi,36,320,https://open.spotify.com/artist/7xIrUrdfYoRUQdcBUGP3di
whenever wherever,whenever wherever,2023-08-13,142784,https://open.spotify.com/track/5wzwJmf0lCtW1YRmceh0w6,NSW Kenny,lo-fi,31,266,https://open.spotify.com/artist/7rAgjCQMN8VOaqHzdKESzr
heartbreaker,heartbreaker,2024-01-07,170866,https://open.spotify.com/track/3y9W9xOMC5tB8aAA3lIEOo,lilibu,"lo-fi beats, lo-fi",54,1452,https://open.spotify.com/artist/2GAEdgtVHrKsjcHqwUFjpI
Creepin,Creepin,2023-03-19,190335,https://open.spotify.com/track/33nYtG8rlanRyq3v9bcb6w,Bat Bilger,"lo-fi, lo-fi beats",32,172,https://open.spotify.com/artist/1hHeQ22aJjCgE42pUjvkon
when i was your man,when i was your man,2023-12-01,138904,https://open.spotify.com/track/75z7lw3D0bIqla7vXKbaK7,haki donzo,"lo-fi, lo-fi beats",35,233,https://open.spotify.com/artist/7JCLpMzChs65N5MKKyup2b
Die For You,Die For You,2023-03-19,208653,https://open.spotify.com/track/1nLi6OAjTRfFRNYTrvpmPj,Ingelwood Syndicate,lo-fi,30,386,https://open.spotify.com/artist/3Mvlf7TqfvwKklBsRxezJ7
God Girl,God Girl,2023-01-20,168544,https://open.spotify.com/track/6PUrpc5FKEIdOHB6Cr0UOQ,Salty Soundz,lo-fi,21,200,https://open.spotify.com/artist/0uj4WSTdDGg22OCuqLTKk9
somebody else,somebody else,2023-02-17,99300,https://open.spotify.com/track/4SwdZqpbUSk66Ml3LtV1JA,Miller Jones,lo-fi,27,295,https://open.spotify.com/artist/510OvGYbABEpEGZBCnL8Yd
Watermelon Sugar,Intentions,2022-11-07,136000,https://open.spotify.com/track/3vHaS2v1VAYSTzNaUTnZmi,ohlos,"lo-fi, lo-fi beats",40,686,https://open.spotify.com/artist/72l8ZKvwKkr1ZMLzDcFxQC
teenage dirtbag,teenage dirtbag,2022-11-11,124737,https://open.spotify.com/track/147H3hthobgaKkbh0YIQVr,NSW Kenny,lo-fi,31,266,https://open.spotify.com/artist/7rAgjCQMN8VOaqHzdKESzr
As It Was,As It Was,2022-10-10,150000,https://open.spotify.com/track/7dSoV6Suc4ye0JCoyNWJJR,ohlos,"lo-fi, lo-fi beats",40,686,https://open.spotify.com/artist/72l8ZKvwKkr1ZMLzDcFxQC
can't get you out of my head,can't get you out of my head,2023-02-17,157550,https://open.spotify.com/track/0pMDDVEwKLJ0WaUK4BL4f2,amelia liz,"lo-fi beats, lo-fi",26,221,https://open.spotify.com/artist/7N0txyqhJC7i8CPZQoWOVq
September Song,September Song,2024-02-18,172857,https://open.spotify.com/track/3fIL4EOwPzq5CLNK77KxPu,YorBeatz,lo-fi,30,137,https://open.spotify.com/artist/7IOCjf2dqm6jzhCAUAX4uR
Don´t Stop me Now,Don´t Stop me Now,2022-11-11,159545,https://open.spotify.com/track/4rnAbHyfJWhKraJs01UUCx,Kato Mili,lo-fi,23,267,https://open.spotify.com/artist/19DmVqt3GkVScKwII02jlr
Motion Sickness - Lo-Fi,Avril 14th & Motion Sickness (Lo-Fi),2024-02-29,257333,https://open.spotify.com/track/2IpAxomjfTw18xKhNe05UE,meadowzz,"lo-fi beats, lo-fi",31,665,https://open.spotify.com/artist/6iJBPhaUkwdsG9QPc6qcEz
weak,weak,2023-01-06,175775,https://open.spotify.com/track/1fDXEyf7ljEsUN3iAPzyNd,phonadium,"lo-fi beats, lo-fi",22,204,https://open.spotify.com/artist/1EbUbtNohBB2nDSZVdb0P8
apologize,apologize,2023-01-29,115000,https://open.spotify.com/track/3uY0353AUilxbXFM0XW1KQ,Tetouan,lo-fi,32,459,https://open.spotify.com/artist/5zqfe0xfWmU830hI8jThsi
summertime sadness,summertime sadness,2023-01-29,170713,https://open.spotify.com/track/3Pxc3QBFnlb1kd3llYaRwD,mr mirakami,"lo-fi, lo-fi beats",23,348,https://open.spotify.com/artist/2578z8LcqKTw0ccvtDAQoU
so sick,so sick,2023-01-06,121978,https://open.spotify.com/track/04P0VWJ6oo8Hh7pmyrQIuW,flowtide,"lo-fi beats, lo-fi",27,249,https://open.spotify.com/artist/1krCmhhTo8H7k8YxKoKpbv
wefoundlove,wefoundlove,2023-11-26,121125,https://open.spotify.com/track/23kBxBCU9ey05l98Okzm1O,Laflov,"lo-fi beats, lo-fi",36,709,https://open.spotify.com/artist/6EFjl8owc4s7CFfcBcS9AH
fly away,fly away,2023-01-06,111538,https://open.spotify.com/track/3nEKznjXAihwGO0KDodJYi,helistofax,lo-fi,29,424,https://open.spotify.com/artist/1OFeufWeaCNizpr4djN3qW
Hold On We're Going Home,Hold On We're Going Home,2023-11-12,181158,https://open.spotify.com/track/6tUsyUdQkxT7diLVsIp33U,mutedvibes,"lo-fi beats, lo-fi",48,930,https://open.spotify.com/artist/0omMgzzP2N76C6AOyXup1K
young folks,young folks,2023-01-06,122988,https://open.spotify.com/track/1aYcdEUigk7EO41RgbkYZh,Mrs Blonded,lo-fi,20,358,https://open.spotify.com/artist/6Gx6MRxYH7sQQTRe7EStEN
dilemma,dilemma,2024-05-19,129522,https://open.spotify.com/track/2BkGcrFsZ8pyOcCRZ7SmEu,lilibu,"lo-fi beats, lo-fi",54,1452,https://open.spotify.com/artist/2GAEdgtVHrKsjcHqwUFjpI
you're makin' me high,you're makin' me high,2023-01-29,139000,https://open.spotify.com/track/49O7D9q23Z6o067OM9vHaE,NSW Kenny,lo-fi,31,266,https://open.spotify.com/artist/7rAgjCQMN8VOaqHzdKESzr
all the small things,all the small things,2023-01-06,97834,https://open.spotify.com/track/6t1ndytBBuHParrtf27iT5,last analogy,lo-fi,23,275,https://open.spotify.com/artist/5ZHfB3odAIJJkiEg5PJ1wz
torn,torn,2023-01-06,140000,https://open.spotify.com/track/1hsUzbM1vdBCzJBfWX4S9a,jaxtun,lo-fi,24,283,https://open.spotify.com/artist/6OmeKMPyPWWmugowWQ68Pn
i follow rivers,i follow rivers,2023-01-06,112000,https://open.spotify.com/track/33NOfDaVqMf9XJzTeGuV2B,Mushhi,lo-fi,32,292,https://open.spotify.com/artist/1NtM12STZroHO6boHGnnAk
want to want me,want to want me,2023-01-12,128131,https://open.spotify.com/track/5puZEIkF0RN3zcaTpehfkf,lonely call,"lo-fi beats, lo-fi",27,262,https://open.spotify.com/artist/6Ssd20G0tbMif25RpIjxXM
Bad Habits,INDUSTRY BABY,2023-01-09,158400,https://open.spotify.com/track/6XuohehgXJ3OLFFV3sdHMm,ohlos,"lo-fi, lo-fi beats",40,686,https://open.spotify.com/artist/72l8ZKvwKkr1ZMLzDcFxQC
positions,positions,2022-12-16,112500,https://open.spotify.com/track/5TQQq4JhYl6eMR4PCCTMhi,Tetouan,lo-fi,32,459,https://open.spotify.com/artist/5zqfe0xfWmU830hI8jThsi
pony,pony,2022-12-16,119257,https://open.spotify.com/track/26e0Jbyt61AzuFz7UCh1vm,haki donzo,"lo-fi, lo-fi beats",35,233,https://open.spotify.com/artist/7JCLpMzChs65N5MKKyup2b
stay with me,stay with me,2022-12-16,134926,https://open.spotify.com/track/5DTBkfXH6YJV42PD3NxQVx,Reggie Lume,"lo-fi beats, lo-fi",30,339,https://open.spotify.com/artist/6wQTCO5DGk8vkOA0p514km
Every Breath You Take,Every Breath You Take,2022-10-19,116290,https://open.spotify.com/track/3082dmTQwOzxtdvXR3Ib8S,Ayaakaa,"lo-fi, lo-fi beats",30,150,https://open.spotify.com/artist/01ilwgX5nHOi7vOkBuTuCU
"hey, soul sister","hey, soul sister",2022-11-06,151301,https://open.spotify.com/track/1qJgvV6WYN8pLieuY18ahM,helistofax,lo-fi,29,424,https://open.spotify.com/artist/1OFeufWeaCNizpr4djN3qW
crazy,crazy,2022-12-09,135767,https://open.spotify.com/track/5Ef8wG2dTT24vh4a79IWin,QUARTEER,"lo-fi beats, lo-fi",27,294,https://open.spotify.com/artist/3Al6VUDbDL5JSWXLebLDYX
You Remind Me,You Remind Me,2023-12-01,140250,https://open.spotify.com/track/1fPdjrtSgTZKZnRgLWoZv9,Cove-Red,lo-fi,19,107,https://open.spotify.com/artist/5hA7qIuiBOCQ00KHKrIhEX
she will be loved,she will be loved,2022-12-09,155294,https://open.spotify.com/track/7bvYGOVK9TXQd9NGyGn8PC,Niebieski,"lo-fi beats, lo-fi",29,291,https://open.spotify.com/artist/5UAuF0nlkpdqktgrW7SqaG
return of the mack,return of the mack,2022-12-09,146038,https://open.spotify.com/track/7HGdyvJyIy1d1MVsXxPcox,FG yang,"lo-fi beats, lo-fi",20,263,https://open.spotify.com/artist/2Cub4EX4bNBLZMbbfzTumv
Blue,Blue,2023-06-02,135010,https://open.spotify.com/track/0rhcBC8kyqZYNo9yCk4MLc,helistofax,lo-fi,21,26,https://open.spotify.com/artist/1yqwldCn06dMm3w2huiFQn
ironic,ironic,2022-12-09,124186,https://open.spotify.com/track/7Dz2anSQkjnuMx4FFGqx4b,amelia liz,"lo-fi beats, lo-fi",26,221,https://open.spotify.com/artist/7N0txyqhJC7i8CPZQoWOVq
Meet Me At Our Spot,Meet Me At Our Spot,2022-10-19,117161,https://open.spotify.com/track/4zbDddvck9LUqoh1nojkVh,Dab Rosser,lo-fi,19,232,https://open.spotify.com/artist/1rIG28M0NJsbl5DDp6x8GA
Human Nature,Human Nature,2024-05-17,150399,https://open.spotify.com/track/3SulqrnQoD5RqPiKtB1gQJ,Pixel Pixie,lo-fi,19,22,https://open.spotify.com/artist/3xN8CL9MfW5pcU6WiS9p3w
I´m Still Standing,I´m Still Standing,2022-11-11,167172,https://open.spotify.com/track/6kmwihvFKZPwBURQ26nYtT,2 Liter,lo-fi,36,213,https://open.spotify.com/artist/13FWCiQOR1emUlfK9wN9FM
family affair,family affair,2022-12-02,128226,https://open.spotify.com/track/1tbdipzh1tNTnaNAqflkE4,ben buru,"lo-fi beats, lo-fi",20,270,https://open.spotify.com/artist/5mRaT6rnqIeeuE6Io3mVRS
don't you worry child,don't you worry child,2022-12-02,160240,https://open.spotify.com/track/3rWUFqb1tuwFY0kl7OUwuZ,LisaMadeIt,lo-fi,22,221,https://open.spotify.com/artist/5ViVYkn32Af29Mqim9TPj6
let her go,let her go,2022-12-02,126857,https://open.spotify.com/track/0UyJsekOmf7bePNLCU1LE1,Miller Jones,lo-fi,27,295,https://open.spotify.com/artist/510OvGYbABEpEGZBCnL8Yd
Intentions,Intentions,2022-11-07,157000,https://open.spotify.com/track/3YO9K5WXtupEKSy0AZ11XL,ohlos,"lo-fi, lo-fi beats",40,686,https://open.spotify.com/artist/72l8ZKvwKkr1ZMLzDcFxQC
Peaches,Peaches,2022-10-19,141231,https://open.spotify.com/track/2qNufl6qhnYfzWxLmMaCNy,connectEcut,lo-fi,24,94,https://open.spotify.com/artist/2TQBOHcwPCSpMwkwIBTcgs
good 4 u,good 4 u,2022-11-04,139745,https://open.spotify.com/track/3AZgoA4NPnW7WVsYilE7Bo,Bat Bilger,"lo-fi, lo-fi beats",32,172,https://open.spotify.com/artist/1hHeQ22aJjCgE42pUjvkon
I Can't Make You Love Me,I Can't Make You Love Me,2022-10-19,98519,https://open.spotify.com/track/4O05P9QSQb6sgwegrxBX08,Ingelwood Syndicate,lo-fi,30,386,https://open.spotify.com/artist/3Mvlf7TqfvwKklBsRxezJ7
boulevard of broken dreams,boulevard of broken dreams,2023-05-21,108571,https://open.spotify.com/track/0ZA0zhZye770PB2gALNv1Z,Tetouan,lo-fi,32,459,https://open.spotify.com/artist/5zqfe0xfWmU830hI8jThsi
See You Again,See You Again,2022-10-19,129905,https://open.spotify.com/track/11c2RqFZfpq8Z6vxBfMDzk,T.R.I.C.K,"lo-fi beats, lo-fi",27,104,https://open.spotify.com/artist/4h6veOIcgL56r2sY3razZa
Yellow - Lo-Fi,Yellow & The Scientist (Lo-Fi),2024-02-15,258368,https://open.spotify.com/track/1YN98svRQo1ghA4WVuzPUi,yoshi the brilliant,"lo-fi beats, lo-fi",35,201,https://open.spotify.com/artist/6k8AnK3Kuk6fv1AQu0IGBJ
Happier Than Ever,Happier Than Ever,2022-11-11,139054,https://open.spotify.com/track/5i8lZgGvIBe3iL8WMCPHsi,Phil Marley,lo-fi,26,83,https://open.spotify.com/artist/0Yem4dpcxVT7GJhrSwnyme
Nothing´s Gonna Stop Us Now,Nothing´s Gonna Stop Us Now,2022-11-11,160312,https://open.spotify.com/track/5kDdYabORKt6kskxz1sd1S,the beats of...,lo-fi,19,227,https://open.spotify.com/artist/6xI7tRm64d9dwDuXrSv1Kr
you can't hurry love,you can't hurry love,2023-08-13,131500,https://open.spotify.com/track/48BI0SejPrf5XPKJQZFUuR,Miller Jones,lo-fi,27,295,https://open.spotify.com/artist/510OvGYbABEpEGZBCnL8Yd
Save Your Tears,Save Your Tears,2022-11-11,118990,https://open.spotify.com/track/5Hn992puLQFGQVrPQiFypz,Ingelwood Syndicate,lo-fi,30,386,https://open.spotify.com/artist/3Mvlf7TqfvwKklBsRxezJ7
traitor,traitor,2022-11-04,178267,https://open.spotify.com/track/5iaUEqqSRy5hNgscqnKN4b,Steve Blino,lo-fi,19,201,https://open.spotify.com/artist/24usk464uzsxYNFHCgagLj
Lean On,Lean On,2023-01-20,121875,https://open.spotify.com/track/3Inh8C7kUU48Vs7lBOqsfY,Noudi,lo-fi,18,165,https://open.spotify.com/artist/1sJSBmpp5Iox07sKjKHEjJ
Where Are You Now,Where Are You Now,2022-11-04,162774,https://open.spotify.com/track/0ejamsXbJlWpR0r5w9KlXM,Paraceta,lo-fi,18,148,https://open.spotify.com/artist/4WOcTt3WS2TuaWc5yMcBFw
Magic,Magic,2024-03-17,186293,https://open.spotify.com/track/6LcSrO0W93KQQrp9uYpK5n,YorBeatz,lo-fi,30,137,https://open.spotify.com/artist/7IOCjf2dqm6jzhCAUAX4uR
Put Your Records On,Put Your Records On,2023-08-13,236893,https://open.spotify.com/track/0ayze54kfOomri3f3E8AWz,mutedvibes,"lo-fi beats, lo-fi",48,930,https://open.spotify.com/artist/0omMgzzP2N76C6AOyXup1K
Plastic Love,Plastic Love,2023-11-24,148831,https://open.spotify.com/track/3ljEzcpsXThqfImeqk9THy,Archipelia,lo-fi,29,195,https://open.spotify.com/artist/1wOpgYj0lsgHUCXDTAGzmH
I Ain't Worried,I Ain't Worried,2022-11-04,153776,https://open.spotify.com/track/1HWA6RZvFTxsJbV2SBW8vN,Thermousse,lo-fi,18,216,https://open.spotify.com/artist/0Ykwhkr1nxyYh2O3h2U0IK
I'm Yours,I'm Yours,2022-11-04,155023,https://open.spotify.com/track/45xfMavS8WyLnWGAz4hAZf,Ionized Beats Inc.,lo-fi,32,234,https://open.spotify.com/artist/5aa7iCxQ4ZZGlSBaSe9bXf
rude,rude,2022-11-06,136500,https://open.spotify.com/track/6uff17CnkE1obX1NPy232P,Reggie Lume,"lo-fi beats, lo-fi",30,339,https://open.spotify.com/artist/6wQTCO5DGk8vkOA0p514km
Chasing Cars - Lo-Fi,Chasing Cars (Lo-Fi),2024-02-28,267692,https://open.spotify.com/track/21cliwsLqdzqfZNeOcyzQW,Arlos,"lo-fi beats, lo-fi",36,408,https://open.spotify.com/artist/5PU5cwPems7pVldrGo4Bs5
girl on fire,girl on fire,2022-10-28,140517,https://open.spotify.com/track/0dTicjkL3qgaMjNXMq5nfD,Idris Jem,lo-fi,23,216,https://open.spotify.com/artist/0TsDkwnB2mr1kbQKAU4XcY
It´ll Be Okay,It´ll Be Okay,2022-10-28,116004,https://open.spotify.com/track/4eWIDMit0TNSjc2bm4PM1T,Chalk Gang,lo-fi,35,511,https://open.spotify.com/artist/7nKTvkyNv3iatiJ0A4lBr7
Cold Heart,Cold Heart,2022-10-28,141892,https://open.spotify.com/track/370bUlMgf8xc4Sm3XjWgNn,Ingelwood Syndicate,lo-fi,30,386,https://open.spotify.com/artist/3Mvlf7TqfvwKklBsRxezJ7
leave the door open,leave the door open,2022-11-11,148833,https://open.spotify.com/track/2bNqkCkkkFBQZYIW8WtjPq,Tetouan,lo-fi,32,459,https://open.spotify.com/artist/5zqfe0xfWmU830hI8jThsi
how deep is your love,how deep is your love,2024-01-28,189329,https://open.spotify.com/track/55cUQwQw1BW6K3VrzCpvvY,Jack All,lo-fi,22,101,https://open.spotify.com/artist/4rtQc0T0U3nCqAV6BwmOO4
Hotel California (Lofi Tune),Hotel California (Lofi Tune),2022-12-08,164010,https://open.spotify.com/track/2MsYbvZ0XqSeYLcMHg1gHr,vort vort,"lo-fi beats, lo-fi",19,111,https://open.spotify.com/artist/46mWoMwui62bv2s52HiSO8
Save Your Tears,Save Your Tears,2023-08-04,320898,https://open.spotify.com/track/2yoNY32JruGk2kCx04GZo3,myndstream,,62,3618,https://open.spotify.com/artist/4XeAwrDuVTNPa9WzLAerm3
don't speak,don't speak,2022-11-11,137746,https://open.spotify.com/track/1UPLRT8BIUOn6K08YlnCAQ,Mushhi,lo-fi,32,292,https://open.spotify.com/artist/1NtM12STZroHO6boHGnnAk
beautiful,beautiful,2022-10-28,116351,https://open.spotify.com/track/6jT6EJPndW8rDZZ1QZuFtK,Reggie Lume,"lo-fi beats, lo-fi",30,339,https://open.spotify.com/artist/6wQTCO5DGk8vkOA0p514km
Location,Location,2022-12-20,123197,https://open.spotify.com/track/5PCMHyeDn6cGSO2Tukf0Dr,DJ Garlik,lo-fi,36,1075,https://open.spotify.com/artist/0N2on1pgu8mv01ch9Cs9XF
Location,Location,2022-12-20,123197,https://open.spotify.com/track/5PCMHyeDn6cGSO2Tukf0Dr,Noomz,lo-fi,29,129,https://open.spotify.com/artist/2W85Y3jKObrtjjsa2o7dg6
Where Is My Mind? - Instrumental Version,Where Is My Mind? (Instrumental Version),2022-09-09,87924,https://open.spotify.com/track/766XB704U3TCxAyU9xMthL,Gal Dahan,lo-fi,27,2057,https://open.spotify.com/artist/21x9QjLzTIpMonjnMzVvQB
Where Is My Mind? - Instrumental Version,Where Is My Mind? (Instrumental Version),2022-09-09,87924,https://open.spotify.com/track/766XB704U3TCxAyU9xMthL,Ezraz,lo-fi,26,621,https://open.spotify.com/artist/63DrGLldYLdFyqmDsy1m2S
Umbrella,Umbrella,2022-09-23,108000,https://open.spotify.com/track/5cfUalgs5w98W14C4Lt0Xh,Slowzy,lo-fi,31,1166,https://open.spotify.com/artist/3DTvvf1uRWl4XzJdpsoERl
You'll Be In My Heart,Lofi Minnie: Chill,2023-01-20,288705,https://open.spotify.com/track/3XXemjIqQleJMVtae2Vsb6,Jeff Kaale,lo-fi beats,44,50374,https://open.spotify.com/artist/6HbFnvkO1zsyxqyyfbNRwL
You'll Be In My Heart,Lofi Minnie: Chill,2023-01-20,288705,https://open.spotify.com/track/3XXemjIqQleJMVtae2Vsb6,Disney Lofi,lo-fi,48,36668,https://open.spotify.com/artist/2ETOhMwFhRRTCH8M1ge17v
Euá,Euá,2023-03-30,164383,https://open.spotify.com/track/5mLHyg1Ljqvo1lZlDgYhdc,Sátyr,"lo-fi, lo-fi beats, jazz beats",55,5575,https://open.spotify.com/artist/5D6V4Z6oPz4waooiuBaWIf
Euá,Euá,2023-03-30,164383,https://open.spotify.com/track/5mLHyg1Ljqvo1lZlDgYhdc,HUGØ,lo-fi beats,32,3468,https://open.spotify.com/artist/7nDJpnTQgtM87yaive1aos
Children,Children,2023-08-18,125624,https://open.spotify.com/track/7JcLj7YKRbjFnoMFHOPTi3,RetroBlend,lo-fi,21,983,https://open.spotify.com/artist/0RbBkpf8a8qyPt7hi8ouT7
Children,Children,2023-08-18,125624,https://open.spotify.com/track/7JcLj7YKRbjFnoMFHOPTi3,Vincent Lee,,45,22665,https://open.spotify.com/artist/0cuXND9aMsZhko0y3w8uxw
Children,Children,2023-08-18,125624,https://open.spotify.com/track/7JcLj7YKRbjFnoMFHOPTi3,2Bough,,25,5582,https://open.spotify.com/artist/5oie92RnkCpuSHGWiReZtq
Love Yourself,Love Yourself,2022-09-15,110000,https://open.spotify.com/track/3ZTOe4igHH1Di0taZWXJh7,Pacific,,45,54417,https://open.spotify.com/artist/5WLsGgfxV206tL7KD41Ft1
Let Her Go,Let Her Go,2023-01-06,142178,https://open.spotify.com/track/1AEGSdFCige8XcJHyzzP0Z,Mount Eminest,lo-fi,35,5270,https://open.spotify.com/artist/4oUcWvCNxqNZv4l7BXlE0y
Just Dance,"Covers, Vol. 18",2023-01-13,174120,https://open.spotify.com/track/3Sh9C9k6uZcYK68u76gTA9,Chill With Lofi,lo-fi,32,4245,https://open.spotify.com/artist/7CHCHpUzDDPRElNiZYmcbI
Just Dance,"Covers, Vol. 18",2023-01-13,174120,https://open.spotify.com/track/3Sh9C9k6uZcYK68u76gTA9,Cidus,lo-fi,31,263,https://open.spotify.com/artist/4hHO8tDVAyaTdDKl3R12WH
Just Dance,"Covers, Vol. 18",2023-01-13,174120,https://open.spotify.com/track/3Sh9C9k6uZcYK68u76gTA9,Emil Lonam,lo-fi,31,223,https://open.spotify.com/artist/0eJbpPFhB19EvgEmYBIwLG
wrecking ball,wrecking ball,2023-01-29,118500,https://open.spotify.com/track/36jFRBBQIUbLxc7LRmGfir,Reggie Lume,"lo-fi beats, lo-fi",30,339,https://open.spotify.com/artist/6wQTCO5DGk8vkOA0p514km
My Love Mine All Mine - Lo-Fi,My Love Mine All Mine (Lo-Fi),2024-02-08,138947,https://open.spotify.com/track/2jTF88RCLLIx5kVDXi2gPM,meadowzz,"lo-fi beats, lo-fi",31,665,https://open.spotify.com/artist/6iJBPhaUkwdsG9QPc6qcEz
My Mind & Me,Portals pt 2,2023-01-13,158685,https://open.spotify.com/track/43M3Hb61vb3BQVLKPx5zqC,Miro Mas,lo-fi,50,1921,https://open.spotify.com/artist/4Nh6HRskIln2gWtk2KB0fL
my ex's best friend - lofi,lofi chill vibes with machine gun kelly vol. II,2024-09-06,113571,https://open.spotify.com/track/2dqi4rgoy5AWGpKnHdOBzL,lonelyboy,lo-fi,48,31615,https://open.spotify.com/artist/30pF2pv50VXX6TgiMmKKjc
my ex's best friend - lofi,lofi chill vibes with machine gun kelly vol. II,2024-09-06,113571,https://open.spotify.com/track/2dqi4rgoy5AWGpKnHdOBzL,cyprien,lo-fi,29,66,https://open.spotify.com/artist/7mDtI7PkBQiKdGp9UcIRMI
my ex's best friend - lofi,lofi chill vibes with machine gun kelly vol. II,2024-09-06,113571,https://open.spotify.com/track/2dqi4rgoy5AWGpKnHdOBzL,benoît,lo-fi,31,111,https://open.spotify.com/artist/3u8BQ8jz0WuiSNshhMJkKn
Halo,Halo (Lofi Version),2024-05-10,202692,https://open.spotify.com/track/6Q2D4oWPnMseDZB2oikmIz,Blackburri,"lo-fi, lo-fi beats",36,772,https://open.spotify.com/artist/5FcsuAQwO56qMIZTFei6x1
creep,take cover,2021-12-10,188368,https://open.spotify.com/track/0uqoO6T12XapKNDvsD0vUz,owlh,"lo-fi, lo-fi beats",53,8765,https://open.spotify.com/artist/0kCNNJfXF8AOSqRIC4aoza
Anti-Hero,Anti-Hero,2022-12-09,116800,https://open.spotify.com/track/6NuCG3Qv9cpvBIeWcRpiuR,intime,"lo-fi beats, jazz beats, lo-fi",32,350,https://open.spotify.com/artist/7qRNFExHXMXcJtmjafPasi
When Luv Takes Over,When Luv Takes Over,2022-12-09,120000,https://open.spotify.com/track/3FQWEdPPACJWoPwLcLVbaZ,sloh rou,"lo-fi beats, lo-fi",48,1483,https://open.spotify.com/artist/0D4FGltctqk7z1BdC1088j
Say You Won't Let Go,Say You Won't Let Go,2022-10-13,128571,https://open.spotify.com/track/4fB0z2PbEvhlElpRnJhPLn,Pacific,,45,54417,https://open.spotify.com/artist/5WLsGgfxV206tL7KD41Ft1
Trouble - Lofi Version,Trouble,2022-10-14,106027,https://open.spotify.com/track/77mluZrCKbmMlznCnjcHLy,Sunday Without You,lo-fi,45,1901,https://open.spotify.com/artist/2kfCeQSDYdHyURFQtS9I53
Bad Habits,Bad Habits,2022-08-12,88752,https://open.spotify.com/track/7y161CHpc3KkKVMJZ1bNEQ,Slowzy,lo-fi,31,1166,https://open.spotify.com/artist/3DTvvf1uRWl4XzJdpsoERl
Dog Days Are Over - Lofi Version,Dog Days Are Over (Lofi Version),2022-11-18,135200,https://open.spotify.com/track/5G6D5WHf5weBJ7Z9WA6pyH,Covers Unplugged,lo-fi,38,9564,https://open.spotify.com/artist/7nh5TZodhwFh0CkAIFDDxl
Foolish,Foolish,2022-12-02,179439,https://open.spotify.com/track/327YD8hrJehqymoHyLzjvL,vhsgus,lo-fi,18,1005,https://open.spotify.com/artist/00TOxSwNCa7VrxLcdobxyb
love me like you do - lofi,love me like you do - lofi,2022-12-02,99000,https://open.spotify.com/track/490fqdlm8AGR5tRWcoBGKj,Jaden Christy,lo-fi,32,7035,https://open.spotify.com/artist/26Lja0Loc02XwrkUdLH7X9
love me like you do - lofi,love me like you do - lofi,2022-12-02,99000,https://open.spotify.com/track/490fqdlm8AGR5tRWcoBGKj,its' okay,lo-fi,31,1260,https://open.spotify.com/artist/3QXV9QkkHt7OHFOa03irsq
love me like you do - lofi,love me like you do - lofi,2022-12-02,99000,https://open.spotify.com/track/490fqdlm8AGR5tRWcoBGKj,valentié,,25,222,https://open.spotify.com/artist/1smtSrorIh5e6oODXmkbv5
Viva La Vida,Viva La Vida,2022-09-30,177272,https://open.spotify.com/track/0rZ4Yyt5Su46Uo6mqci1iW,Phatazza Cat,lo-fi,32,1557,https://open.spotify.com/artist/3dV8aCIrUUtXrOnU6qo3rN
That's The Way It Is,That's the Way It Is,2022-10-07,87187,https://open.spotify.com/track/4KlG6TcBmbr56ejToFZZNM,Slowzy,lo-fi,31,1166,https://open.spotify.com/artist/3DTvvf1uRWl4XzJdpsoERl
Waterfalls,Waterfalls,2022-10-11,129843,https://open.spotify.com/track/0trpTNoxD6tXWWuyZGlMIl,DJ Garlik,lo-fi,36,1075,https://open.spotify.com/artist/0N2on1pgu8mv01ch9Cs9XF
Waterfalls,Waterfalls,2022-10-11,129843,https://open.spotify.com/track/0trpTNoxD6tXWWuyZGlMIl,Noomz,lo-fi,29,129,https://open.spotify.com/artist/2W85Y3jKObrtjjsa2o7dg6
can't help falling in love,can't help falling in love,2024-02-25,139276,https://open.spotify.com/track/2GWiniyAg0uvV9HZD6obFK,Jack All,lo-fi,22,101,https://open.spotify.com/artist/4rtQc0T0U3nCqAV6BwmOO4
You Oughta Know,Jagged Little Chill,2022-10-03,213250,https://open.spotify.com/track/1wy11OtTLB78IcBoDrPP9W,Yoga Beats,,26,4034,https://open.spotify.com/artist/0YgFSc6eJJRhhgDnTdifyt
You Oughta Know,Jagged Little Chill,2022-10-03,213250,https://open.spotify.com/track/1wy11OtTLB78IcBoDrPP9W,Cameron Ford,,27,256,https://open.spotify.com/artist/2Epdw19iNTn6Wv4YV29h9y
Easy On Me,Easy On Me,2022-02-18,164696,https://open.spotify.com/track/4p8GeNxLZQTNWcgySydMsZ,Mount Eminest,lo-fi,35,5270,https://open.spotify.com/artist/4oUcWvCNxqNZv4l7BXlE0y
Easy On Me,Easy On Me,2022-02-18,164696,https://open.spotify.com/track/4p8GeNxLZQTNWcgySydMsZ,Schrubi,lo-fi,22,139,https://open.spotify.com/artist/7mV0Ig1YMYRc97fz3PlwZp
Easy On Me,Easy On Me,2022-02-18,164696,https://open.spotify.com/track/4p8GeNxLZQTNWcgySydMsZ,lofi.dealer,,32,454,https://open.spotify.com/artist/3A6LBlFVLooS63BpoSWIat
Slow Dancing in the Dark,"The Covers, Json",2022-07-16,360000,https://open.spotify.com/track/7LcUhhWSUSzzVO0FGrMUyc,STUDIO BEYOND,,35,31815,https://open.spotify.com/artist/5O6N5WthVbUXGXyvZ16MCo
Slow Dancing in the Dark,"The Covers, Json",2022-07-16,360000,https://open.spotify.com/track/7LcUhhWSUSzzVO0FGrMUyc,JSON,,24,3129,https://open.spotify.com/artist/5AQ95bS3im8uXwX56pGVC2
sunday morning,sunday morning,2020-04-24,223222,https://open.spotify.com/track/6uUQCRIuWCRmzj88i2DigW,Billy Hammer,"lo-fi, lo-fi beats",40,11988,https://open.spotify.com/artist/5xeMVXkveG9VsUdcZweo3N
Roxanne,Roxanne,2020-08-07,98560,https://open.spotify.com/track/5hBtuwob3QCkTzp0LPZRf1,Lofi Fruits Music,"lo-fi, lo-fi beats",69,958017,https://open.spotify.com/artist/1dABGukgZ8XKKOdd2rVSHM
Roxanne,Roxanne,2020-08-07,98560,https://open.spotify.com/track/5hBtuwob3QCkTzp0LPZRf1,Formal Chicken,lo-fi,42,14704,https://open.spotify.com/artist/5k3Cw8TfLQt40L5dbqxJKD
Ghost,Ghost,2022-01-27,119600,https://open.spotify.com/track/7xIONLBEuuXdjd9KFGxUWz,Peaceful Melody,lo-fi,54,23398,https://open.spotify.com/artist/6piO5Ac23WJnRQifD42dfv
Ghost,Ghost,2022-01-27,119600,https://open.spotify.com/track/7xIONLBEuuXdjd9KFGxUWz,soave lofi,lo-fi,63,9802,https://open.spotify.com/artist/0QuTX3mzksvtwoQru6tiF8
Over the Rainbow,Over the Rainbow,2022-08-05,93658,https://open.spotify.com/track/2IUPDUYvCheRPFysucHbly,Gal Dahan,lo-fi,27,2057,https://open.spotify.com/artist/21x9QjLzTIpMonjnMzVvQB
Over the Rainbow,Over the Rainbow,2022-08-05,93658,https://open.spotify.com/track/2IUPDUYvCheRPFysucHbly,Ezraz,lo-fi,26,621,https://open.spotify.com/artist/63DrGLldYLdFyqmDsy1m2S
Just the Way You Are,Just the Way You Are,2022-04-28,168000,https://open.spotify.com/track/25YXuoEjxt8mPjilPh0oCu,Peaceful Melody,lo-fi,54,23398,https://open.spotify.com/artist/6piO5Ac23WJnRQifD42dfv
Just the Way You Are,Just the Way You Are,2022-04-28,168000,https://open.spotify.com/track/25YXuoEjxt8mPjilPh0oCu,soave lofi,lo-fi,63,9802,https://open.spotify.com/artist/0QuTX3mzksvtwoQru6tiF8
Californication,Covers Collection (Vol. 3),2022-04-29,263059,https://open.spotify.com/track/2qPuqNzXKGJxUGix3Ot6ff,LAV8,"lo-fi, lo-fi beats",49,5648,https://open.spotify.com/artist/0n0N8rkm96ulhvOxNu6zK5
fly me to the moon,fly me to the moon,2023-08-13,108000,https://open.spotify.com/track/0ZRXuSHt856z22kJtfqVjK,helistofax,lo-fi,29,424,https://open.spotify.com/artist/1OFeufWeaCNizpr4djN3qW
Faded - Lofi Version,"Lofi Evergreens, Vol. 2",2022-09-30,125576,https://open.spotify.com/track/5n2C9SFg9ouvxKmiU8AgjU,Covers Unplugged,lo-fi,38,9564,https://open.spotify.com/artist/7nh5TZodhwFh0CkAIFDDxl
Passionfruit,Passionfruit,2022-09-27,155679,https://open.spotify.com/track/0lGVhF1yGIMzOYYanlfSQo,DJ Garlik,lo-fi,36,1075,https://open.spotify.com/artist/0N2on1pgu8mv01ch9Cs9XF
Passionfruit,Passionfruit,2022-09-27,155679,https://open.spotify.com/track/0lGVhF1yGIMzOYYanlfSQo,Noomz,lo-fi,29,129,https://open.spotify.com/artist/2W85Y3jKObrtjjsa2o7dg6
Antihero,Antihero,2023-03-19,175986,https://open.spotify.com/track/6foxdC9JnsAR2qCAYTVQij,Chalk Gang,lo-fi,35,511,https://open.spotify.com/artist/7nKTvkyNv3iatiJ0A4lBr7
fix you,take cover,2021-12-10,181535,https://open.spotify.com/track/5woBPV32uMFJMjofU3SAIF,owlh,"lo-fi, lo-fi beats",53,8765,https://open.spotify.com/artist/0kCNNJfXF8AOSqRIC4aoza
SLOW DANCING IN THE DARK,Cover Art,2021-08-06,194157,https://open.spotify.com/track/2JGIjJEohXvvphtxTqStha,Yedai,"lo-fi, lo-fi beats",53,4202,https://open.spotify.com/artist/4GYycScCEPQprmeYJIiBRU
Rockstar,Feelin' Cute,2022-05-13,186315,https://open.spotify.com/track/0DC6XJuyJIotOK74ahqHEo,<3BEAT,lo-fi,48,1218,https://open.spotify.com/artist/1GXEDNbnO4Zq5DSNfayzN5
Let Somebody Go - Lofi Piano,Let Somebody Go (Lofi Piano),2022-02-15,155594,https://open.spotify.com/track/1tX675Hvb2epDvicGiwP1N,Chilled Teddy,,42,2506,https://open.spotify.com/artist/5pxrX6T3917cmZHYGqyAHy
Hotline Bling,I've Seen You Somewhere Before,2022-05-13,189080,https://open.spotify.com/track/4ZVanZJ1HJdxYd8ABLXGUM,Miro Mas,lo-fi,50,1921,https://open.spotify.com/artist/4Nh6HRskIln2gWtk2KB0fL
Better Now,My Name Is Spruce,2022-06-10,200000,https://open.spotify.com/track/42BDtgy019hkiSTGhhabQO,Granlund,lo-fi,36,561,https://open.spotify.com/artist/2dZvcVqJDI3Lbxnwg5hQ8m
Pink + White,Covers Collection (Vol. 4),2022-06-17,199163,https://open.spotify.com/track/5Sg2yJFvLWaUoBoxSNUSlE,LAV8,"lo-fi, lo-fi beats",49,5648,https://open.spotify.com/artist/0n0N8rkm96ulhvOxNu6zK5
All Night Parking,Feelin' Cute,2022-05-13,138750,https://open.spotify.com/track/1p3RlfMwnyB2dHptgYMxmP,<3BEAT,lo-fi,48,1218,https://open.spotify.com/artist/1GXEDNbnO4Zq5DSNfayzN5
I Don't Care,I Don't Care,2022-11-03,134078,https://open.spotify.com/track/4qXdMHTVfXC3JQzhhoDese,Peaceful Melody,lo-fi,54,23398,https://open.spotify.com/artist/6piO5Ac23WJnRQifD42dfv
I Don't Care,I Don't Care,2022-11-03,134078,https://open.spotify.com/track/4qXdMHTVfXC3JQzhhoDese,soave lofi,lo-fi,63,9802,https://open.spotify.com/artist/0QuTX3mzksvtwoQru6tiF8
Lost,Lost,2021-09-17,182727,https://open.spotify.com/track/2rsG3qVHOsXAIW1Qj7sdWt,lokash,lo-fi,50,2680,https://open.spotify.com/artist/3TenU6iPLdqp8732iFSVQj
DEAR APRIL,Cover Art,2021-08-06,135724,https://open.spotify.com/track/5R2ZqLZeKRzAEH1eehC4LM,Yedai,"lo-fi, lo-fi beats",53,4202,https://open.spotify.com/artist/4GYycScCEPQprmeYJIiBRU
Levitating,Levitating,2022-11-21,209062,https://open.spotify.com/track/2VRKuZ26DfWIrzFObvJcMU,Lazarus best for us,lo-fi,25,135,https://open.spotify.com/artist/7Jo5bYYstYsWilLkB9zFGH
Closer,Closer,2020-08-21,90566,https://open.spotify.com/track/2up6gzK4iCDRe03q15Ed1U,Lofi Fruits Music,"lo-fi, lo-fi beats",69,958017,https://open.spotify.com/artist/1dABGukgZ8XKKOdd2rVSHM
Closer,Closer,2020-08-21,90566,https://open.spotify.com/track/2up6gzK4iCDRe03q15Ed1U,Avocuddle,lo-fi,42,37375,https://open.spotify.com/artist/48QpIkzC2yRCUCvNvOVZqD
Another Love,Another Love,2022-10-28,109756,https://open.spotify.com/track/2p6RdMtmm4ED5nCOjXwK8E,Dreamy Tapes,lo-fi,30,1845,https://open.spotify.com/artist/6aeonzKYD0nGInEExXavVa
Another Love,Another Love,2022-10-28,109756,https://open.spotify.com/track/2p6RdMtmm4ED5nCOjXwK8E,Mr. Jazzo,lo-fi,25,252,https://open.spotify.com/artist/5OcLKaWV7Hij5aIJPTuKyI
SNAP,SNAP,2022-10-28,137027,https://open.spotify.com/track/2kMEd5WGasnXv1gLJSxQiI,Dreamy Tapes,lo-fi,30,1845,https://open.spotify.com/artist/6aeonzKYD0nGInEExXavVa
SNAP,SNAP,2022-10-28,137027,https://open.spotify.com/track/2kMEd5WGasnXv1gLJSxQiI,Sunset Dreamer,lo-fi,24,115,https://open.spotify.com/artist/6uMK6BgXXMATTcnGhc6MUN
Youngblood - Lofi Version,Youngblood (Lofi Version),2022-10-28,100000,https://open.spotify.com/track/0r05GCsSeNbfHKeONCGhCJ,Covers Unplugged,lo-fi,38,9564,https://open.spotify.com/artist/7nh5TZodhwFh0CkAIFDDxl
Pink Venom (lofi edit),K-Pop ON! (온) (lofi edition),2022-10-29,105205,https://open.spotify.com/track/1BYEV7J4H5Ha3A8O6ppuuq,로피 뮤직,lo-fi,33,7797,https://open.spotify.com/artist/61vcj63GgHNdPDliis1tB6
Pink Venom (lofi edit),K-Pop ON! (온) (lofi edition),2022-10-29,105205,https://open.spotify.com/track/1BYEV7J4H5Ha3A8O6ppuuq,The Remix Station,lo-fi,48,9644,https://open.spotify.com/artist/4JAIvx8vd1sMssmNTcwnPX
Stay High,I've Seen You Somewhere Before,2022-05-13,191819,https://open.spotify.com/track/4zkSqnyv3re6lZhLRYghY8,Miro Mas,lo-fi,50,1921,https://open.spotify.com/artist/4Nh6HRskIln2gWtk2KB0fL
regulate,"LoFi HipHop Remixes, Covers & LoFi Edits 2022 (vol.1)",2022-09-02,131200,https://open.spotify.com/track/0O6gDwVC6JCFcdHrRajYiO,golden era,lo-fi,38,13410,https://open.spotify.com/artist/0zfNkbfXyVpesD3S0XFKB8
regulate,"LoFi HipHop Remixes, Covers & LoFi Edits 2022 (vol.1)",2022-09-02,131200,https://open.spotify.com/track/0O6gDwVC6JCFcdHrRajYiO,The Remix Station,lo-fi,48,9644,https://open.spotify.com/artist/4JAIvx8vd1sMssmNTcwnPX
regulate,"LoFi HipHop Remixes, Covers & LoFi Edits 2022 (vol.1)",2022-09-02,131200,https://open.spotify.com/track/0O6gDwVC6JCFcdHrRajYiO,Cali Soul,lo-fi,36,2146,https://open.spotify.com/artist/05k7SGKHRRfKpBvjcRMxQ6
chandelier,chandelier,2023-01-06,213000,https://open.spotify.com/track/25AjoIOjVfxe6kgE9ftvep,niff_,lo-fi,20,208,https://open.spotify.com/artist/2vpm14X9dM28wOrLAOUlto
waves,waves,2021-01-01,140979,https://open.spotify.com/track/7piFPg3kuRbodjCBWjUsXS,owlh,"lo-fi, lo-fi beats",53,8765,https://open.spotify.com/artist/0kCNNJfXF8AOSqRIC4aoza
Born To Be Wild - chill lofi remix,Classic Rock vs Slowed Chilled Lofi,2022-12-09,126000,https://open.spotify.com/track/3OiOcERV787mxa1QtBkRPE,The Remix Station,lo-fi,48,9644,https://open.spotify.com/artist/4JAIvx8vd1sMssmNTcwnPX
Born To Be Wild - chill lofi remix,Classic Rock vs Slowed Chilled Lofi,2022-12-09,126000,https://open.spotify.com/track/3OiOcERV787mxa1QtBkRPE,The Rolling Beats,lo-fi,31,599,https://open.spotify.com/artist/7wvka6LIqEi6lGyljOm2h0
Time Will Tell (Lofi Version),Time Will Tell (Lofi Version),2022-10-21,151621,https://open.spotify.com/track/2GWOXJQiRo6eERhjjlSk1w,l'eupe,"lo-fi beats, lo-fi",51,3147,https://open.spotify.com/artist/67AA1XRZU4GSLZQe83BVk9
Sunny,Sunny,2022-06-24,149197,https://open.spotify.com/track/1LG2brYleAjyAbOgYDAjG8,AMV,lo-fi,18,1493,https://open.spotify.com/artist/7lkaZYDiy9cgckUDibxHsn
Jimmy Cooks - Lofi Cover,"Lo-Fi Rap Caviar, Vol. 4",2022-09-23,69405,https://open.spotify.com/track/0QtpzHpNX7piC7zuMFEHEK,Covers Unplugged,lo-fi,38,9564,https://open.spotify.com/artist/7nh5TZodhwFh0CkAIFDDxl
Jimmy Cooks - Lofi Cover,"Lo-Fi Rap Caviar, Vol. 4",2022-09-23,69405,https://open.spotify.com/track/0QtpzHpNX7piC7zuMFEHEK,Wild Issues,lo-fi,26,443,https://open.spotify.com/artist/1m3Su2QS1BPQuE4SdHjb2S
Animal,Animal,2022-05-20,192857,https://open.spotify.com/track/2OhBbCXKJlx7JoYwAX27W5,lokash,lo-fi,50,2680,https://open.spotify.com/artist/3TenU6iPLdqp8732iFSVQj
True Colors,True Colors,2022-10-19,151400,https://open.spotify.com/track/5wkccWCIb4AhTT24qMI3aD,flat disc,lo-fi,23,126,https://open.spotify.com/artist/65GQa6LQz8LMbqjGb8qY5g
black hole sun,black hole sun,2022-12-16,144474,https://open.spotify.com/track/5vuHmy1QUl4nV44TTF123r,Sinebreak,"lo-fi, lo-fi beats",34,275,https://open.spotify.com/artist/48LPQpMU3AOZ1JJrJGAfVA
californication,californication,2022-12-02,127826,https://open.spotify.com/track/4tGyu6JEpbpYGCmwijRYOt,kent mills,lo-fi,22,224,https://open.spotify.com/artist/7622kFOP9UZ4bl6DN87EIZ
what was i made for,what was i made for,2024-01-26,214400,https://open.spotify.com/track/7ztVb1wBTjjkSJSg8cgmMA,Archipelia,lo-fi,29,195,https://open.spotify.com/artist/1wOpgYj0lsgHUCXDTAGzmH
